"customer_id,""genre"",""late_return_count"""
244,Comedy,6
469,Games,6
506,Action,6
560,Action,6
38,Classics,5
64,Documentary,5
75,Family,5
116,Family,5
137,Sports,5
168,Foreign,5
196,Animation,5
257,Family,5
274,New,5
277,Sports,5
373,Animation,5
427,Documentary,5
437,Foreign,5
454,Sports,5
494,Sports,5
513,Horror,5
2,Sports,4
5,Classics,4
12,Drama,4
12,Horror,4
26,Documentary,4
38,Children,4
50,Foreign,4
51,Action,4
57,Action,4
66,Games,4
71,Action,4
74,Sci-Fi,4
80,New,4
90,Animation,4
107,Sci-Fi,4
121,Documentary,4
125,Documentary,4
130,Sci-Fi,4
132,Classics,4
135,Children,4
137,Comedy,4
142,Documentary,4
144,Action,4
145,Animation,4
148,Horror,4
149,Sports,4
150,Sports,4
155,Documentary,4
172,Children,4
176,Foreign,4
178,Foreign,4
186,Foreign,4
196,Games,4
198,Games,4
200,Games,4
206,New,4
210,New,4
211,Family,4
211,Music,4
216,Travel,4
227,Documentary,4
230,Sci-Fi,4
236,Animation,4
240,New,4
241,Family,4
242,New,4
258,Family,4
259,Sports,4
260,Music,4
264,Sci-Fi,4
267,New,4
268,Children,4
285,Sci-Fi,4
287,Animation,4
293,Sports,4
295,Sports,4
311,Documentary,4
313,New,4
316,Sports,4
323,Travel,4
326,Horror,4
330,Documentary,4
339,Sports,4
343,Children,4
358,Comedy,4
360,New,4
362,Sports,4
363,Action,4
371,Sports,4
380,Foreign,4
385,Sports,4
390,Music,4
400,Comedy,4
400,Sci-Fi,4
404,Documentary,4
405,Documentary,4
410,Family,4
410,Sci-Fi,4
414,Travel,4
422,Games,4
436,Comedy,4
438,Animation,4
441,New,4
459,Comedy,4
461,Sci-Fi,4
468,Animation,4
472,Comedy,4
472,Music,4
487,Action,4
487,Documentary,4
490,Animation,4
491,Sci-Fi,4
494,Animation,4
497,Family,4
498,New,4
502,Documentary,4
504,Drama,4
508,Action,4
522,Games,4
526,Family,4
532,Classics,4
533,Sports,4
539,Sports,4
545,Family,4
550,Family,4
559,Animation,4
562,Foreign,4
569,Sports,4
571,Sports,4
581,Animation,4
581,Foreign,4
591,Animation,4
591,Sports,4
1,Comedy,3
3,Action,3
3,Animation,3
5,Animation,3
5,New,3
6,Drama,3
7,New,3
7,Sports,3
9,Comedy,3
10,Documentary,3
14,Foreign,3
15,Children,3
16,Animation,3
16,Family,3
16,Sports,3
17,Family,3
20,Sports,3
21,Sci-Fi,3
22,Foreign,3
23,Animation,3
23,Sci-Fi,3
26,Action,3
26,Foreign,3
27,Documentary,3
29,Children,3
30,Comedy,3
32,Family,3
35,Action,3
35,Sports,3
38,Foreign,3
41,Games,3
42,Action,3
47,Comedy,3
48,Foreign,3
48,Music,3
50,Children,3
51,Comedy,3
52,Documentary,3
53,Classics,3
54,Animation,3
54,Comedy,3
56,Action,3
56,Comedy,3
58,Action,3
59,Comedy,3
62,Games,3
63,Documentary,3
63,Drama,3
66,Drama,3
69,Family,3
69,Sci-Fi,3
71,Music,3
72,Animation,3
73,Games,3
74,Animation,3
75,Classics,3
76,Animation,3
77,Family,3
78,Action,3
78,Animation,3
78,Sports,3
82,Animation,3
82,Sci-Fi,3
83,Classics,3
86,Horror,3
87,Sports,3
90,Sci-Fi,3
91,Documentary,3
91,Sports,3
92,Horror,3
93,Classics,3
96,Documentary,3
96,Foreign,3
98,Sports,3
102,Action,3
102,Family,3
102,Sci-Fi,3
102,Sports,3
103,Action,3
103,Horror,3
104,Foreign,3
105,Children,3
105,Music,3
108,Comedy,3
109,Sci-Fi,3
112,New,3
113,Documentary,3
115,Foreign,3
118,Games,3
119,Sci-Fi,3
119,Sports,3
120,Action,3
122,Drama,3
122,Horror,3
122,Sports,3
123,Documentary,3
126,Family,3
126,New,3
127,Family,3
129,Action,3
129,Classics,3
129,Family,3
131,Animation,3
132,Sports,3
133,Documentary,3
134,Drama,3
135,Family,3
137,Horror,3
137,Travel,3
138,Documentary,3
138,Sports,3
144,Classics,3
146,Music,3
147,Sports,3
148,Action,3
148,Games,3
148,Sci-Fi,3
149,Sci-Fi,3
150,Games,3
151,Documentary,3
153,Classics,3
158,Documentary,3
160,Music,3
161,Foreign,3
163,New,3
166,Classics,3
166,Sci-Fi,3
171,Games,3
172,Action,3
172,Animation,3
173,Documentary,3
175,New,3
176,Animation,3
176,Comedy,3
178,Drama,3
178,Travel,3
179,Documentary,3
180,Documentary,3
181,Classics,3
181,Family,3
184,Drama,3
187,Action,3
187,Music,3
190,Horror,3
192,Comedy,3
196,Documentary,3
197,Comedy,3
198,Documentary,3
198,Foreign,3
199,Children,3
200,Family,3
201,Animation,3
201,Sports,3
203,Action,3
204,Foreign,3
206,Documentary,3
207,Games,3
209,Children,3
209,Documentary,3
210,Foreign,3
210,Sports,3
211,Animation,3
212,Children,3
212,Classics,3
214,Sports,3
215,Foreign,3
221,Comedy,3
221,Drama,3
224,Foreign,3
225,Sci-Fi,3
228,Documentary,3
229,Sports,3
231,Children,3
235,Animation,3
236,Games,3
238,Children,3
239,Animation,3
240,Drama,3
241,Classics,3
244,New,3
246,Foreign,3
247,Sci-Fi,3
253,Drama,3
256,Comedy,3
257,Documentary,3
257,Foreign,3
258,Drama,3
259,Action,3
259,Children,3
260,Sports,3
261,Foreign,3
263,Sci-Fi,3
265,Children,3
266,Drama,3
267,Comedy,3
268,Drama,3
269,Documentary,3
270,Children,3
272,Drama,3
273,Sci-Fi,3
274,Documentary,3
276,Documentary,3
277,Comedy,3
279,Comedy,3
281,Animation,3
285,Documentary,3
286,Documentary,3
286,Drama,3
286,Sci-Fi,3
289,Documentary,3
289,Games,3
292,Drama,3
292,New,3
293,Classics,3
293,Comedy,3
293,Games,3
294,Comedy,3
295,Family,3
295,Sci-Fi,3
296,Action,3
299,Drama,3
300,Action,3
301,Sci-Fi,3
302,Action,3
304,New,3
306,Sci-Fi,3
307,Family,3
308,Animation,3
309,Documentary,3
309,Travel,3
312,Action,3
314,Action,3
314,Documentary,3
316,Action,3
317,Drama,3
319,Action,3
321,Foreign,3
321,Sci-Fi,3
323,Action,3
323,Children,3
324,Games,3
328,Games,3
329,Sports,3
331,Drama,3
331,Sci-Fi,3
332,Games,3
334,Animation,3
334,Foreign,3
337,Sci-Fi,3
338,Music,3
338,Sports,3
339,Animation,3
339,Horror,3
340,Family,3
341,New,3
342,Classics,3
343,Family,3
346,Family,3
346,Games,3
346,Sci-Fi,3
348,Animation,3
348,Documentary,3
354,Documentary,3
354,Sci-Fi,3
355,Foreign,3
356,Action,3
356,Documentary,3
359,Sports,3
360,Games,3
360,Music,3
361,Children,3
361,Foreign,3
362,Animation,3
363,Travel,3
364,Classics,3
366,Classics,3
366,Sports,3
368,Comedy,3
368,Sports,3
370,Action,3
371,Music,3
372,Action,3
372,Documentary,3
373,Family,3
373,Horror,3
373,New,3
376,Classics,3
377,Drama,3
383,Animation,3
388,Animation,3
390,Comedy,3
391,Sci-Fi,3
392,Family,3
396,Animation,3
396,Classics,3
396,New,3
397,Travel,3
403,Classics,3
404,Animation,3
405,Games,3
405,Travel,3
406,Animation,3
406,Comedy,3
407,New,3
408,Children,3
408,Classics,3
410,Comedy,3
411,Animation,3
415,Sports,3
416,Action,3
416,Drama,3
417,New,3
417,Sci-Fi,3
418,Horror,3
423,Drama,3
426,Documentary,3
427,Children,3
434,Animation,3
434,Games,3
436,Travel,3
439,Drama,3
442,Drama,3
445,Sci-Fi,3
446,Foreign,3
448,Classics,3
448,Comedy,3
448,Drama,3
449,Horror,3
452,New,3
453,New,3
455,Documentary,3
467,Children,3
468,Family,3
468,Sci-Fi,3
469,Family,3
469,Horror,3
470,Sci-Fi,3
470,Sports,3
472,Animation,3
473,Foreign,3
474,Sci-Fi,3
475,Games,3
477,Animation,3
479,Horror,3
479,Sports,3
488,Drama,3
489,Games,3
490,Drama,3
491,Sports,3
495,Action,3
495,Classics,3
498,Sci-Fi,3
499,Family,3
499,New,3
501,Comedy,3
501,New,3
502,Music,3
505,Animation,3
508,Documentary,3
516,Sci-Fi,3
517,Comedy,3
518,Drama,3
519,Children,3
519,New,3
520,Drama,3
521,Family,3
521,New,3
522,Animation,3
522,Documentary,3
523,Classics,3
526,Animation,3
526,Documentary,3
526,Horror,3
527,Action,3
528,Comedy,3
532,Horror,3
532,New,3
533,Sci-Fi,3
534,Music,3
535,Sci-Fi,3
535,Sports,3
542,Horror,3
545,Animation,3
548,Foreign,3
553,Sci-Fi,3
555,Sports,3
558,Sports,3
561,Family,3
563,Horror,3
563,Sports,3
564,Games,3
565,Sports,3
566,Animation,3
567,Travel,3
569,Animation,3
569,New,3
572,Sports,3
573,Action,3
574,Children,3
576,New,3
577,Sci-Fi,3
579,Comedy,3
579,Games,3
580,Comedy,3
582,Classics,3
583,Games,3
584,Comedy,3
585,Sports,3
586,Drama,3
588,Documentary,3
589,Comedy,3
590,Action,3
591,Sci-Fi,3
594,Games,3
595,Music,3
598,Drama,3
599,Horror,3
1,Classics,2
1,Drama,2
2,Classics,2
2,Travel,2
3,Comedy,2
3,Games,2
3,Sci-Fi,2
4,Horror,2
5,Family,2
5,Horror,2
6,Games,2
6,New,2
6,Sports,2
7,Animation,2
7,Documentary,2
7,Family,2
7,Horror,2
8,Horror,2
9,Foreign,2
10,Drama,2
10,Games,2
10,Sports,2
11,Children,2
11,Documentary,2
11,Music,2
13,Animation,2
13,Classics,2
13,Drama,2
13,Sports,2
14,Action,2
14,Documentary,2
14,Drama,2
14,Games,2
15,Comedy,2
15,Family,2
15,Foreign,2
15,Horror,2
15,Travel,2
16,Comedy,2
17,Action,2
17,Children,2
18,Documentary,2
18,Horror,2
19,Documentary,2
19,Games,2
19,New,2
19,Sports,2
20,Classics,2
20,Documentary,2
20,New,2
21,Documentary,2
21,Foreign,2
21,New,2
21,Travel,2
22,Family,2
22,Sci-Fi,2
23,Classics,2
23,New,2
23,Sports,2
24,Family,2
25,Action,2
25,Classics,2
25,Games,2
25,Music,2
25,Sci-Fi,2
26,Sci-Fi,2
27,Animation,2
27,Classics,2
27,Family,2
27,Foreign,2
27,Sports,2
29,Documentary,2
29,Drama,2
29,Foreign,2
29,Games,2
29,New,2
29,Sports,2
30,Children,2
30,Drama,2
30,Horror,2
30,Sci-Fi,2
31,Drama,2
31,Family,2
31,Foreign,2
32,Comedy,2
32,Documentary,2
32,Drama,2
33,Comedy,2
34,Games,2
34,Horror,2
34,Sci-Fi,2
35,Comedy,2
35,Drama,2
35,Foreign,2
35,Horror,2
36,Children,2
36,Classics,2
36,Music,2
37,Classics,2
37,Comedy,2
37,Drama,2
38,Drama,2
39,Animation,2
39,Drama,2
39,Family,2
39,Foreign,2
39,New,2
39,Sci-Fi,2
40,Action,2
40,Animation,2
40,Classics,2
40,Documentary,2
40,Foreign,2
40,Games,2
41,Action,2
41,Documentary,2
41,Family,2
42,Documentary,2
42,Horror,2
42,Sci-Fi,2
44,Animation,2
44,Children,2
44,Music,2
45,Children,2
45,Classics,2
45,Games,2
45,Sci-Fi,2
46,Games,2
47,Action,2
47,Children,2
47,Foreign,2
48,Action,2
49,Action,2
49,Animation,2
49,Classics,2
49,Family,2
50,Documentary,2
50,Sci-Fi,2
51,Drama,2
51,Family,2
51,Music,2
52,Children,2
52,Comedy,2
54,Sci-Fi,2
55,Drama,2
55,Games,2
55,Sports,2
56,Documentary,2
56,Drama,2
57,Sci-Fi,2
58,Games,2
59,Drama,2
59,New,2
59,Sports,2
60,Action,2
60,Foreign,2
61,Sci-Fi,2
63,Children,2
63,Comedy,2
63,New,2
63,Travel,2
64,Travel,2
64,Animation,2
64,Drama,2
65,Action,2
65,Animation,2
65,Comedy,2
65,Foreign,2
66,Classics,2
66,Documentary,2
66,Foreign,2
68,Children,2
68,Games,2
69,Games,2
70,Sports,2
71,Foreign,2
71,Sports,2
73,Family,2
74,Games,2
74,Horror,2
74,Sports,2
74,Travel,2
75,Action,2
75,Children,2
75,Comedy,2
75,Documentary,2
75,Foreign,2
76,Children,2
76,Drama,2
77,Documentary,2
77,Games,2
77,Horror,2
77,Sci-Fi,2
77,Travel,2
78,Children,2
78,Comedy,2
78,Family,2
78,Sci-Fi,2
79,Drama,2
80,Documentary,2
80,Family,2
80,Music,2
80,Sports,2
81,Comedy,2
81,Documentary,2
81,New,2
81,Sci-Fi,2
82,Action,2
83,Action,2
83,Sci-Fi,2
84,Action,2
84,Animation,2
84,Family,2
85,Classics,2
85,Comedy,2
85,Travel,2
86,Classics,2
86,Documentary,2
86,Drama,2
86,Music,2
87,Action,2
87,Classics,2
87,Sci-Fi,2
88,Family,2
88,Travel,2
89,Action,2
89,Classics,2
89,Comedy,2
89,Documentary,2
89,Drama,2
89,Horror,2
90,Drama,2
90,Music,2
91,Drama,2
92,Drama,2
92,New,2
93,Action,2
93,Foreign,2
93,Games,2
94,Sports,2
97,Music,2
98,Music,2
98,New,2
99,Family,2
99,Sports,2
100,Action,2
100,Animation,2
101,Animation,2
101,Music,2
101,Sci-Fi,2
102,Classics,2
102,Documentary,2
103,Comedy,2
103,Documentary,2
104,Animation,2
104,New,2
105,Action,2
105,Games,2
105,Sci-Fi,2
105,Sports,2
106,Family,2
106,Horror,2
107,Drama,2
107,Family,2
107,Foreign,2
107,New,2
108,Children,2
108,New,2
109,Classics,2
109,Sports,2
110,Drama,2
111,Action,2
111,Animation,2
111,Foreign,2
111,Horror,2
111,New,2
111,Travel,2
112,Animation,2
112,Drama,2
112,Family,2
113,Family,2
114,Action,2
114,Classics,2
114,Foreign,2
116,New,2
117,Foreign,2
118,Foreign,2
118,New,2
119,Action,2
119,Animation,2
119,Children,2
119,New,2
120,Animation,2
120,Comedy,2
120,Family,2
120,Games,2
120,Music,2
120,Sports,2
121,Animation,2
121,Comedy,2
122,Comedy,2
122,New,2
122,Travel,2
123,Action,2
123,Children,2
123,New,2
124,Children,2
124,Documentary,2
125,Games,2
126,Action,2
126,Foreign,2
127,New,2
127,Travel,2
128,Animation,2
128,Comedy,2
128,Foreign,2
128,Music,2
128,Sci-Fi,2
128,Sports,2
129,Children,2
130,Games,2
130,New,2
132,Sci-Fi,2
133,Action,2
133,Sports,2
134,Comedy,2
135,Animation,2
136,Classics,2
136,Music,2
137,Animation,2
137,Games,2
137,Music,2
138,Family,2
139,Documentary,2
139,Sports,2
140,Sports,2
141,Animation,2
141,Sci-Fi,2
143,Animation,2
143,Children,2
144,Animation,2
144,Children,2
144,Drama,2
144,Games,2
144,Horror,2
145,Action,2
145,Games,2
145,Sci-Fi,2
146,Action,2
146,Documentary,2
147,Action,2
147,Documentary,2
147,Games,2
147,New,2
148,Family,2
148,Foreign,2
148,New,2
148,Travel,2
149,Drama,2
150,Sci-Fi,2
153,Games,2
154,Children,2
154,Documentary,2
154,Family,2
154,New,2
155,Classics,2
155,New,2
156,Action,2
156,Horror,2
157,Children,2
157,Games,2
157,Music,2
158,Animation,2
158,Comedy,2
158,Sci-Fi,2
159,Action,2
159,New,2
160,Documentary,2
160,Drama,2
160,New,2
161,Drama,2
163,Action,2
163,Classics,2
163,Documentary,2
163,Sports,2
164,Drama,2
165,Games,2
166,Documentary,2
167,Family,2
167,Music,2
168,Animation,2
168,Comedy,2
168,Family,2
168,Games,2
168,Music,2
168,New,2
169,Foreign,2
170,New,2
170,Sci-Fi,2
171,Children,2
171,Documentary,2
171,Sports,2
171,Travel,2
172,Music,2
172,Travel,2
173,Animation,2
173,Comedy,2
174,Action,2
174,Documentary,2
174,Drama,2
175,Horror,2
176,Documentary,2
176,Family,2
176,Sci-Fi,2
176,Sports,2
177,Sports,2
178,Animation,2
178,Documentary,2
178,Family,2
178,Horror,2
178,Sports,2
179,Family,2
180,Family,2
180,Sports,2
181,Documentary,2
181,Foreign,2
181,Horror,2
181,Sports,2
181,Travel,2
182,Family,2
182,Foreign,2
182,Games,2
182,Sci-Fi,2
183,Documentary,2
183,Foreign,2
184,Music,2
184,New,2
185,Sci-Fi,2
186,Comedy,2
187,Classics,2
187,Documentary,2
187,New,2
187,Sports,2
189,Foreign,2
189,Music,2
190,Action,2
190,Animation,2
190,Classics,2
191,Documentary,2
192,Horror,2
193,Animation,2
193,Family,2
194,Games,2
194,Horror,2
194,Sci-Fi,2
195,Drama,2
195,Sports,2
196,Family,2
197,Documentary,2
197,Family,2
197,Sci-Fi,2
198,Family,2
198,Sci-Fi,2
200,Documentary,2
200,Sports,2
200,Travel,2
201,Family,2
201,Horror,2
202,Children,2
202,Documentary,2
203,Children,2
203,Drama,2
206,Music,2
207,Classics,2
207,Drama,2
207,Family,2
207,New,2
207,Sports,2
208,Documentary,2
208,New,2
209,Classics,2
209,Foreign,2
209,Sports,2
210,Action,2
211,Sports,2
212,New,2
213,Children,2
213,Travel,2
214,Children,2
214,Music,2
215,Sports,2
216,Drama,2
217,Animation,2
217,Classics,2
217,Drama,2
217,Games,2
218,Classics,2
218,New,2
219,Horror,2
219,Sci-Fi,2
220,Drama,2
220,New,2
221,Animation,2
221,Sports,2
222,Children,2
222,Classics,2
222,Family,2
223,Sci-Fi,2
224,Documentary,2
225,Games,2
225,Horror,2
225,Sports,2
226,Sci-Fi,2
228,Sports,2
230,Action,2
230,Animation,2
230,Games,2
230,Sports,2
231,Animation,2
231,Comedy,2
231,Documentary,2
231,Sports,2
232,Action,2
232,Foreign,2
233,Classics,2
233,Family,2
234,Classics,2
234,Comedy,2
234,Foreign,2
234,Music,2
235,Family,2
235,Travel,2
236,Classics,2
236,Family,2
236,Foreign,2
236,New,2
236,Sci-Fi,2
236,Sports,2
237,Classics,2
237,Drama,2
237,Family,2
237,Music,2
237,Sports,2
238,Family,2
239,Foreign,2
240,Animation,2
240,Sports,2
241,Documentary,2
241,Foreign,2
241,New,2
242,Action,2
242,Animation,2
242,Drama,2
242,Family,2
243,Documentary,2
243,Games,2
244,Action,2
244,Children,2
244,Drama,2
244,Family,2
245,Animation,2
245,Children,2
245,Classics,2
245,Comedy,2
245,Sports,2
246,Family,2
246,Sci-Fi,2
247,Drama,2
248,Foreign,2
249,Classics,2
249,Games,2
249,Travel,2
250,Documentary,2
251,Action,2
251,Animation,2
251,Children,2
251,Sci-Fi,2
251,Travel,2
252,Sports,2
253,Animation,2
253,Children,2
253,Foreign,2
253,New,2
254,Animation,2
254,Horror,2
254,New,2
254,Sci-Fi,2
255,Animation,2
255,Sports,2
256,Action,2
256,Drama,2
256,Family,2
257,Classics,2
259,Comedy,2
259,New,2
260,New,2
260,Sci-Fi,2
262,Family,2
262,Foreign,2
262,Games,2
262,Sci-Fi,2
263,Children,2
263,Family,2
263,Foreign,2
264,Animation,2
264,Horror,2
265,Comedy,2
265,Games,2
265,Music,2
265,Travel,2
266,Classics,2
266,Sports,2
267,Drama,2
267,Foreign,2
267,Games,2
267,Sci-Fi,2
268,Action,2
268,Classics,2
268,Foreign,2
268,Horror,2
269,Action,2
269,Classics,2
269,Drama,2
269,Horror,2
270,Sports,2
271,Children,2
271,Family,2
271,Horror,2
271,Sports,2
272,Classics,2
273,Children,2
273,Classics,2
273,Comedy,2
273,Documentary,2
273,New,2
274,Classics,2
274,Sci-Fi,2
274,Sports,2
275,Drama,2
275,Family,2
275,Games,2
276,Action,2
276,Games,2
278,Comedy,2
278,Family,2
279,Animation,2
279,Documentary,2
281,Comedy,2
282,Documentary,2
282,Foreign,2
282,Games,2
282,New,2
283,Classics,2
283,Documentary,2
283,Drama,2
283,Travel,2
284,Action,2
284,Family,2
284,Horror,2
285,Drama,2
287,Action,2
287,Documentary,2
287,Foreign,2
287,Horror,2
288,Classics,2
288,Drama,2
288,Music,2
289,Action,2
289,Classics,2
289,Sci-Fi,2
289,Sports,2
290,Animation,2
290,Comedy,2
290,Sci-Fi,2
290,Sports,2
291,Drama,2
291,Family,2
291,Sci-Fi,2
292,Action,2
292,Travel,2
293,Action,2
293,Sci-Fi,2
294,Action,2
294,Games,2
294,Sports,2
295,Action,2
295,Animation,2
295,Classics,2
295,Comedy,2
295,Foreign,2
295,Music,2
295,New,2
296,Animation,2
296,Games,2
296,Sci-Fi,2
296,Sports,2
297,Animation,2
297,Children,2
297,Comedy,2
297,Documentary,2
297,Games,2
298,Sports,2
299,Children,2
299,Family,2
299,Music,2
299,Travel,2
300,Animation,2
300,Children,2
300,New,2
302,Children,2
302,Sports,2
303,Animation,2
303,Drama,2
303,Sci-Fi,2
304,Horror,2
304,Sci-Fi,2
305,Drama,2
305,Foreign,2
305,Horror,2
305,Sports,2
306,Children,2
306,Comedy,2
306,Foreign,2
306,Travel,2
307,Music,2
307,New,2
307,Sports,2
308,New,2
308,Sports,2
309,New,2
309,Sports,2
310,Action,2
310,Animation,2
310,Foreign,2
310,Music,2
310,Sports,2
311,Comedy,2
311,Drama,2
311,Horror,2
312,Children,2
312,Documentary,2
312,Horror,2
312,Travel,2
313,Animation,2
313,Documentary,2
314,Animation,2
314,Children,2
314,Comedy,2
314,Foreign,2
315,Sports,2
316,Games,2
316,Sci-Fi,2
317,Sci-Fi,2
318,Documentary,2
319,Games,2
319,Sci-Fi,2
319,Sports,2
321,Comedy,2
321,Horror,2
322,Action,2
322,Sci-Fi,2
322,Sports,2
323,Sci-Fi,2
324,Comedy,2
324,Music,2
325,Sci-Fi,2
326,Action,2
327,Action,2
327,Children,2
327,Comedy,2
327,Drama,2
327,New,2
328,Music,2
329,Classics,2
329,Documentary,2
329,Horror,2
331,Action,2
331,Music,2
331,Sports,2
332,Drama,2
332,Family,2
332,Foreign,2
333,Comedy,2
333,Games,2
334,Children,2
335,Documentary,2
335,Sci-Fi,2
336,Animation,2
336,Family,2
337,Animation,2
337,Comedy,2
337,Documentary,2
337,Drama,2
338,Animation,2
339,Family,2
339,New,2
339,Travel,2
340,Comedy,2
341,Games,2
341,Sci-Fi,2
341,Travel,2
342,Comedy,2
342,Horror,2
343,Comedy,2
344,New,2
346,Classics,2
346,Comedy,2
346,Sports,2
347,Drama,2
347,Games,2
347,Sci-Fi,2
347,Sports,2
348,Drama,2
348,Music,2
349,Games,2
349,Music,2
349,Sports,2
350,Action,2
350,Family,2
350,Music,2
350,Travel,2
351,Classics,2
351,Family,2
351,Games,2
352,Documentary,2
352,Music,2
353,Documentary,2
354,Classics,2
354,Games,2
355,New,2
356,Foreign,2
356,Games,2
357,Documentary,2
357,Drama,2
357,Sports,2
357,Travel,2
359,Documentary,2
360,Sports,2
361,Documentary,2
361,New,2
362,Comedy,2
363,Foreign,2
363,Music,2
364,Documentary,2
365,Animation,2
366,Action,2
366,Music,2
366,Sci-Fi,2
366,Travel,2
367,Children,2
368,Children,2
369,Travel,2
370,Children,2
370,Games,2
371,Action,2
371,Animation,2
371,Classics,2
372,Games,2
373,Foreign,2
374,Family,2
374,Sports,2
375,Family,2
375,Horror,2
375,Travel,2
376,Family,2
376,New,2
377,Classics,2
378,Documentary,2
379,Comedy,2
379,Foreign,2
380,Action,2
380,New,2
380,Sci-Fi,2
381,Classics,2
381,New,2
381,Sci-Fi,2
383,New,2
384,Action,2
384,Children,2
384,Music,2
385,Comedy,2
386,Action,2
386,Children,2
386,Classics,2
386,Documentary,2
387,Comedy,2
387,Documentary,2
387,Travel,2
388,Drama,2
388,Sports,2
389,Animation,2
389,Classics,2
389,Comedy,2
389,Foreign,2
389,New,2
390,Action,2
390,Family,2
390,Games,2
391,Action,2
391,Sports,2
392,Drama,2
393,Action,2
393,Animation,2
393,Classics,2
393,Drama,2
393,Foreign,2
393,Games,2
393,New,2
393,Sci-Fi,2
394,Animation,2
395,Comedy,2
397,Drama,2
397,Music,2
398,Action,2
398,Children,2
398,Foreign,2
398,New,2
399,Documentary,2
399,Foreign,2
399,Sports,2
399,Travel,2
400,Drama,2
402,Children,2
402,Drama,2
402,New,2
403,Comedy,2
403,Documentary,2
403,Sci-Fi,2
404,Sports,2
405,New,2
406,Drama,2
406,Horror,2
407,Animation,2
407,Games,2
408,Comedy,2
408,Family,2
409,Drama,2
409,Family,2
410,Action,2
410,Animation,2
410,Games,2
410,Music,2
411,Documentary,2
412,Family,2
414,Drama,2
416,Comedy,2
417,Action,2
418,Sports,2
419,Animation,2
419,Documentary,2
419,Sports,2
421,Horror,2
421,Sports,2
422,Foreign,2
422,Music,2
423,Documentary,2
423,Sci-Fi,2
423,Travel,2
424,Animation,2
424,Drama,2
424,Family,2
425,Action,2
425,Animation,2
425,Documentary,2
425,Drama,2
425,New,2
426,Classics,2
426,Music,2
426,New,2
427,Classics,2
427,Comedy,2
427,Family,2
427,Sports,2
428,Classics,2
428,Documentary,2
428,Music,2
429,Family,2
430,Classics,2
431,Comedy,2
431,Family,2
431,New,2
431,Sports,2
432,Family,2
432,Sci-Fi,2
433,Action,2
433,Documentary,2
433,Foreign,2
433,Games,2
433,Music,2
434,Action,2
434,Drama,2
434,Foreign,2
435,Animation,2
435,Classics,2
435,Music,2
435,Sports,2
436,Animation,2
436,Drama,2
436,Games,2
436,New,2
437,Action,2
437,New,2
438,Action,2
438,Classics,2
438,Drama,2
438,Games,2
439,Action,2
439,Animation,2
439,Family,2
439,Horror,2
439,Music,2
439,Sci-Fi,2
440,Foreign,2
441,Comedy,2
442,Animation,2
443,Action,2
443,Animation,2
443,Drama,2
443,Horror,2
444,Action,2
444,Family,2
444,Games,2
444,Horror,2
444,Sci-Fi,2
444,Sports,2
445,Animation,2
445,Sports,2
445,Travel,2
446,Action,2
446,Children,2
446,Music,2
446,Sci-Fi,2
447,Family,2
447,Games,2
447,New,2
448,Action,2
448,Animation,2
449,Family,2
450,Games,2
450,Sci-Fi,2
451,Action,2
451,Children,2
451,Family,2
451,Foreign,2
451,Horror,2
452,Drama,2
452,Games,2
452,Sci-Fi,2
453,Animation,2
453,Children,2
453,Horror,2
453,Music,2
453,Sports,2
454,Documentary,2
454,Games,2
455,Children,2
455,Sci-Fi,2
456,Games,2
456,Music,2
456,New,2
457,Drama,2
457,Games,2
458,Documentary,2
459,Action,2
459,Classics,2
459,Foreign,2
460,Animation,2
460,Foreign,2
460,Music,2
460,Sci-Fi,2
461,Games,2
462,Children,2
462,Classics,2
462,Comedy,2
462,Family,2
462,Foreign,2
462,Games,2
462,New,2
463,Animation,2
464,Foreign,2
464,New,2
465,Animation,2
465,Comedy,2
465,Games,2
466,Music,2
466,Travel,2
467,Travel,2
467,Documentary,2
467,Horror,2
467,Music,2
468,Drama,2
468,Sports,2
469,New,2
469,Travel,2
470,Action,2
470,Games,2
471,Comedy,2
471,Drama,2
471,Music,2
472,Travel,2
473,Travel,2
473,Comedy,2
474,Comedy,2
474,Family,2
474,New,2
475,Action,2
475,Animation,2
475,Classics,2
476,Sci-Fi,2
476,Travel,2
477,Travel,2
477,Games,2
478,Action,2
478,Classics,2
478,Sci-Fi,2
479,Children,2
479,Comedy,2
479,Documentary,2
479,Foreign,2
479,Sci-Fi,2
480,Action,2
480,Documentary,2
480,New,2
481,Children,2
481,Games,2
481,Music,2
482,Action,2
482,Drama,2
482,Sci-Fi,2
483,Animation,2
483,Drama,2
483,Music,2
484,Animation,2
484,Children,2
484,Sports,2
484,Travel,2
485,Animation,2
485,Drama,2
485,Foreign,2
485,Travel,2
486,Children,2
486,Comedy,2
486,Documentary,2
486,Drama,2
486,Family,2
486,Sci-Fi,2
486,Sports,2
487,Animation,2
488,Documentary,2
488,Foreign,2
489,Comedy,2
489,Family,2
492,Documentary,2
493,Foreign,2
493,Horror,2
493,New,2
494,Children,2
494,Documentary,2
495,Family,2
495,New,2
496,Children,2
496,Drama,2
496,Sports,2
497,Action,2
497,Children,2
498,Documentary,2
499,Children,2
500,Action,2
500,Children,2
500,New,2
501,Horror,2
502,Action,2
503,New,2
504,Children,2
504,Foreign,2
504,Games,2
504,Horror,2
504,Sci-Fi,2
505,Drama,2
506,Children,2
506,Drama,2
506,Family,2
506,Foreign,2
506,Sports,2
507,Horror,2
508,Classics,2
509,Animation,2
509,Horror,2
509,Music,2
509,Sci-Fi,2
510,Children,2
510,Sci-Fi,2
510,Sports,2
511,Action,2
511,Animation,2
511,Sports,2
512,Children,2
512,Family,2
512,Games,2
513,Children,2
513,Drama,2
513,Games,2
514,Classics,2
514,Games,2
515,Foreign,2
515,Travel,2
516,Travel,2
517,Sci-Fi,2
518,Documentary,2
518,Horror,2
518,Sports,2
519,Comedy,2
519,Drama,2
520,Comedy,2
520,Sci-Fi,2
521,Horror,2
521,Sports,2
522,Children,2
523,Music,2
524,Animation,2
525,Family,2
525,Games,2
525,Music,2
525,Sports,2
526,Foreign,2
526,Games,2
526,New,2
526,Sci-Fi,2
526,Sports,2
527,Sports,2
528,Action,2
528,New,2
528,Sci-Fi,2
528,Sports,2
529,Children,2
529,Family,2
529,Foreign,2
529,Games,2
529,New,2
531,Music,2
531,Sports,2
532,Action,2
532,Sports,2
533,Animation,2
533,Family,2
533,Horror,2
534,Children,2
535,Action,2
535,Foreign,2
536,Family,2
536,Foreign,2
536,Horror,2
536,Music,2
536,Sports,2
537,Family,2
537,Music,2
538,Foreign,2
538,Games,2
538,Sports,2
539,Drama,2
539,Family,2
539,Games,2
540,Animation,2
540,Sci-Fi,2
540,Sports,2
541,Animation,2
541,Comedy,2
541,Horror,2
541,Music,2
542,Classics,2
542,Music,2
542,New,2
542,Sci-Fi,2
543,Horror,2
544,Games,2
544,Music,2
544,Sports,2
544,Travel,2
546,Animation,2
546,Foreign,2
547,Documentary,2
548,Children,2
548,Comedy,2
548,Travel,2
549,Games,2
550,Action,2
550,Animation,2
550,Children,2
550,Foreign,2
550,Sci-Fi,2
551,Children,2
551,Horror,2
554,Animation,2
554,Classics,2
554,Music,2
555,Drama,2
555,Games,2
556,Documentary,2
556,Foreign,2
556,Games,2
557,Children,2
557,Classics,2
558,Comedy,2
558,Family,2
558,Travel,2
559,Comedy,2
559,Horror,2
559,Sports,2
560,Drama,2
560,Family,2
560,New,2
561,Animation,2
561,Documentary,2
562,Music,2
563,Documentary,2
563,Music,2
564,Children,2
564,Documentary,2
564,Sci-Fi,2
565,Family,2
565,Music,2
566,Action,2
566,Documentary,2
566,Games,2
566,Horror,2
566,Music,2
566,Sci-Fi,2
568,Family,2
569,Games,2
570,Documentary,2
570,Foreign,2
570,New,2
571,Action,2
571,Music,2
571,New,2
572,Children,2
572,Drama,2
572,Family,2
572,Horror,2
573,Comedy,2
573,Documentary,2
573,Music,2
573,Sports,2
574,Music,2
575,Games,2
575,Music,2
575,Sports,2
576,Animation,2
576,Games,2
576,Music,2
576,Sci-Fi,2
577,Action,2
577,Comedy,2
577,Games,2
577,New,2
578,Classics,2
578,Horror,2
579,New,2
579,Sports,2
580,Family,2
580,Foreign,2
580,Sci-Fi,2
581,Sci-Fi,2
581,Travel,2
582,Sci-Fi,2
583,Action,2
583,Drama,2
583,Sports,2
584,Action,2
584,Animation,2
584,Documentary,2
584,Games,2
584,Sci-Fi,2
585,Classics,2
585,Foreign,2
587,Documentary,2
587,New,2
588,Classics,2
588,Horror,2
588,New,2
589,Animation,2
589,Sci-Fi,2
589,Sports,2
590,Family,2
590,Sci-Fi,2
590,Sports,2
591,Drama,2
591,Games,2
592,Documentary,2
592,Family,2
592,New,2
592,Sci-Fi,2
593,Action,2
593,Comedy,2
593,Drama,2
593,Horror,2
594,Children,2
594,Sports,2
596,Classics,2
596,Sports,2
596,Travel,2
597,Documentary,2
598,Comedy,2
598,Games,2
598,Sports,2
599,Sci-Fi,2
1,Animation,1
1,Documentary,1
1,Games,1
1,Music,1
1,Sports,1
1,Travel,1
2,Action,1
2,Children,1
2,Documentary,1
2,Family,1
2,Foreign,1
2,Music,1
2,New,1
3,Classics,1
3,Documentary,1
3,Drama,1
3,Horror,1
3,New,1
3,Sports,1
4,Classics,1
4,Comedy,1
4,Drama,1
4,Foreign,1
4,New,1
4,Sci-Fi,1
4,Travel,1
5,Travel,1
5,Action,1
5,Children,1
5,Documentary,1
5,Music,1
5,Sports,1
6,Action,1
6,Animation,1
6,Children,1
6,Classics,1
6,Comedy,1
6,Music,1
6,Sci-Fi,1
7,Action,1
7,Children,1
7,Classics,1
7,Comedy,1
7,Drama,1
7,Foreign,1
8,Action,1
8,Animation,1
8,Drama,1
8,New,1
8,Sci-Fi,1
8,Sports,1
9,Horror,1
9,Sports,1
9,Travel,1
10,Action,1
10,Animation,1
10,Children,1
10,Classics,1
10,Comedy,1
10,Foreign,1
10,Horror,1
11,Action,1
11,Animation,1
11,Classics,1
11,Drama,1
11,Family,1
11,Games,1
11,Horror,1
11,Sports,1
12,Classics,1
12,Comedy,1
12,Sci-Fi,1
12,Sports,1
12,Travel,1
13,Comedy,1
13,Foreign,1
13,New,1
13,Sci-Fi,1
14,Animation,1
14,Horror,1
14,Sci-Fi,1
15,Documentary,1
15,Sports,1
16,Documentary,1
16,Drama,1
16,Games,1
16,New,1
17,Foreign,1
17,Music,1
17,Sports,1
18,Action,1
18,Children,1
18,Family,1
18,Games,1
19,Children,1
19,Comedy,1
19,Family,1
19,Horror,1
19,Sci-Fi,1
20,Action,1
20,Animation,1
20,Children,1
20,Comedy,1
20,Family,1
20,Games,1
20,Music,1
20,Travel,1
21,Action,1
21,Animation,1
21,Classics,1
21,Comedy,1
21,Drama,1
21,Family,1
21,Horror,1
21,Music,1
21,Sports,1
22,Action,1
22,Animation,1
22,Children,1
22,Documentary,1
22,New,1
22,Sports,1
23,Action,1
23,Comedy,1
23,Drama,1
23,Games,1
23,Horror,1
24,Animation,1
24,Classics,1
24,Documentary,1
24,Drama,1
24,Foreign,1
24,Games,1
24,Horror,1
24,Music,1
25,Animation,1
26,Children,1
26,Drama,1
26,Family,1
26,Games,1
26,Music,1
26,Sports,1
26,Travel,1
27,Children,1
27,Comedy,1
27,New,1
27,Travel,1
28,Action,1
28,Children,1
28,Classics,1
28,Documentary,1
28,Drama,1
28,Family,1
28,Foreign,1
28,Horror,1
28,Music,1
28,New,1
28,Sci-Fi,1
28,Travel,1
29,Action,1
29,Comedy,1
30,Action,1
30,Animation,1
30,Games,1
30,Music,1
30,Sports,1
30,Travel,1
31,Animation,1
31,Classics,1
31,Comedy,1
31,Documentary,1
31,Games,1
31,Music,1
31,New,1
31,Sci-Fi,1
32,Animation,1
32,Children,1
32,Games,1
32,Music,1
32,Sports,1
32,Travel,1
33,Children,1
33,Classics,1
33,Family,1
33,Horror,1
33,Sci-Fi,1
33,Sports,1
34,Documentary,1
34,Sports,1
35,Animation,1
35,Documentary,1
35,Music,1
35,Sci-Fi,1
36,Comedy,1
36,Family,1
37,Animation,1
37,Children,1
37,Documentary,1
37,Games,1
37,Music,1
37,New,1
37,Sports,1
38,Animation,1
38,Documentary,1
38,Horror,1
38,New,1
38,Travel,1
39,Travel,1
39,Action,1
39,Children,1
39,Comedy,1
39,Games,1
39,Horror,1
39,Sports,1
40,Children,1
40,Comedy,1
40,Drama,1
40,Family,1
40,Music,1
40,Sci-Fi,1
41,Animation,1
41,Comedy,1
41,Drama,1
41,Foreign,1
41,Sci-Fi,1
41,Sports,1
42,Animation,1
42,Children,1
42,Classics,1
42,Comedy,1
42,Games,1
43,Children,1
43,Classics,1
43,Documentary,1
43,Foreign,1
43,Games,1
43,New,1
43,Sci-Fi,1
44,Comedy,1
44,Games,1
44,Travel,1
45,Comedy,1
45,Documentary,1
45,Family,1
45,Foreign,1
45,Music,1
45,Travel,1
46,Animation,1
46,Comedy,1
46,Family,1
46,Foreign,1
46,Horror,1
46,Music,1
46,New,1
47,Animation,1
47,Games,1
47,Sci-Fi,1
47,Sports,1
47,Travel,1
48,Children,1
48,Classics,1
48,Comedy,1
48,Sci-Fi,1
49,Children,1
49,Horror,1
49,New,1
49,Sci-Fi,1
50,Action,1
50,Animation,1
50,Drama,1
50,Family,1
50,Games,1
50,Horror,1
50,Music,1
50,Travel,1
51,Games,1
51,New,1
52,Action,1
52,Classics,1
52,Drama,1
52,Family,1
52,Foreign,1
52,Games,1
52,Horror,1
52,Music,1
53,Animation,1
53,Children,1
53,Comedy,1
53,Documentary,1
53,Drama,1
53,Family,1
53,Games,1
53,New,1
53,Sci-Fi,1
53,Sports,1
53,Travel,1
54,Classics,1
54,Documentary,1
54,Family,1
54,Games,1
55,Documentary,1
55,New,1
56,Animation,1
56,Classics,1
56,Foreign,1
56,Games,1
56,New,1
56,Sci-Fi,1
56,Sports,1
56,Travel,1
57,Classics,1
57,Documentary,1
57,Foreign,1
57,Games,1
57,New,1
57,Sports,1
58,Animation,1
58,Children,1
58,Comedy,1
58,Family,1
58,Foreign,1
58,Sci-Fi,1
58,Sports,1
58,Travel,1
59,Travel,1
59,Animation,1
59,Classics,1
59,Family,1
59,Games,1
59,Horror,1
59,Music,1
60,Children,1
60,Classics,1
60,Documentary,1
60,Games,1
60,Horror,1
60,New,1
60,Sci-Fi,1
60,Sports,1
61,Classics,1
61,Drama,1
61,Family,1
61,Games,1
61,Music,1
61,New,1
62,Action,1
62,Animation,1
62,Classics,1
62,Comedy,1
62,Family,1
62,Horror,1
62,New,1
62,Sci-Fi,1
63,Classics,1
63,Sci-Fi,1
64,Classics,1
64,Comedy,1
64,Family,1
64,New,1
65,Drama,1
65,Horror,1
65,Music,1
65,Sci-Fi,1
65,Sports,1
65,Travel,1
66,Action,1
66,Animation,1
66,Comedy,1
66,Horror,1
66,Sports,1
67,Action,1
67,Children,1
67,Comedy,1
67,Family,1
67,Games,1
67,Music,1
67,New,1
67,Sci-Fi,1
67,Sports,1
67,Travel,1
68,Animation,1
68,Classics,1
68,Drama,1
68,Family,1
68,Sports,1
69,Children,1
69,Drama,1
69,Horror,1
69,New,1
69,Sports,1
69,Travel,1
70,Comedy,1
70,Documentary,1
70,Family,1
70,Horror,1
70,Music,1
71,Classics,1
71,Documentary,1
71,Drama,1
71,Games,1
71,New,1
72,Action,1
72,Classics,1
72,Documentary,1
72,Drama,1
72,Family,1
72,Games,1
72,Horror,1
72,Music,1
72,New,1
72,Sports,1
73,Animation,1
73,Documentary,1
73,Foreign,1
73,Horror,1
74,Children,1
74,Classics,1
74,Foreign,1
75,Animation,1
75,Horror,1
75,Sports,1
76,Documentary,1
76,Family,1
76,Foreign,1
76,Music,1
77,Classics,1
77,Comedy,1
77,Sports,1
78,Classics,1
78,Documentary,1
78,New,1
78,Travel,1
79,Comedy,1
79,Foreign,1
79,Games,1
79,Horror,1
79,New,1
79,Sci-Fi,1
79,Sports,1
80,Animation,1
80,Children,1
80,Classics,1
80,Comedy,1
80,Drama,1
80,Foreign,1
80,Games,1
80,Travel,1
81,Family,1
81,Horror,1
81,Sports,1
82,Children,1
82,Classics,1
82,Comedy,1
82,Drama,1
82,Family,1
82,Horror,1
82,Music,1
82,New,1
82,Travel,1
83,Animation,1
83,Foreign,1
83,Horror,1
83,Sports,1
84,Classics,1
84,Comedy,1
84,Drama,1
84,Foreign,1
84,Games,1
84,Horror,1
84,Sports,1
84,Travel,1
85,Action,1
85,Documentary,1
85,Games,1
85,New,1
85,Sci-Fi,1
86,Children,1
86,Family,1
86,Foreign,1
86,Sports,1
86,Travel,1
87,Animation,1
87,Children,1
87,Documentary,1
87,Drama,1
87,Games,1
87,Music,1
88,Action,1
88,Animation,1
88,Children,1
88,Foreign,1
88,Horror,1
88,Music,1
88,New,1
88,Sci-Fi,1
88,Sports,1
89,Family,1
89,Foreign,1
89,Games,1
89,Music,1
89,Sci-Fi,1
89,Sports,1
89,Travel,1
90,Action,1
90,Children,1
90,New,1
90,Sports,1
91,Action,1
91,Children,1
91,Comedy,1
91,Games,1
91,Horror,1
91,New,1
91,Sci-Fi,1
92,Action,1
92,Animation,1
92,Children,1
92,Documentary,1
92,Foreign,1
92,Travel,1
93,Family,1
93,Horror,1
93,Sports,1
94,Action,1
94,Animation,1
94,Comedy,1
94,Documentary,1
94,Drama,1
94,Family,1
94,Foreign,1
94,Games,1
94,Sci-Fi,1
95,Action,1
95,Classics,1
95,Comedy,1
95,Documentary,1
95,Family,1
95,Foreign,1
95,Music,1
95,New,1
95,Sports,1
96,Classics,1
96,Comedy,1
96,Drama,1
96,Family,1
96,Games,1
96,New,1
96,Sports,1
97,Action,1
97,Foreign,1
97,Horror,1
98,Action,1
98,Classics,1
98,Comedy,1
98,Family,1
98,Foreign,1
98,Sci-Fi,1
98,Travel,1
99,Animation,1
99,Documentary,1
99,Drama,1
99,Horror,1
99,New,1
100,Classics,1
100,Comedy,1
100,Documentary,1
100,Family,1
100,Games,1
100,Sci-Fi,1
100,Sports,1
100,Travel,1
101,Travel,1
101,Action,1
101,Children,1
101,Comedy,1
101,Games,1
101,Horror,1
101,Sports,1
102,Animation,1
102,Comedy,1
102,Foreign,1
102,Games,1
102,Horror,1
103,Animation,1
103,Children,1
103,Drama,1
103,Family,1
103,Foreign,1
103,Sports,1
103,Travel,1
104,Travel,1
104,Action,1
104,Classics,1
104,Drama,1
104,Family,1
104,Sports,1
105,Animation,1
106,Children,1
106,Classics,1
106,Games,1
106,Music,1
106,New,1
106,Sci-Fi,1
106,Sports,1
106,Travel,1
107,Comedy,1
107,Documentary,1
107,Games,1
107,Music,1
108,Action,1
108,Animation,1
108,Documentary,1
108,Foreign,1
108,Music,1
108,Sci-Fi,1
109,Action,1
109,Children,1
109,Comedy,1
109,Documentary,1
109,Drama,1
109,Foreign,1
109,Games,1
109,Horror,1
109,Travel,1
110,Animation,1
110,Classics,1
110,Documentary,1
110,Music,1
110,Travel,1
111,Classics,1
111,Documentary,1
111,Family,1
111,Games,1
112,Classics,1
112,Documentary,1
112,Games,1
112,Sci-Fi,1
112,Sports,1
112,Travel,1
113,Action,1
113,Animation,1
113,Children,1
113,Classics,1
113,Comedy,1
113,Drama,1
113,Foreign,1
113,Games,1
113,Horror,1
113,Music,1
113,New,1
113,Sci-Fi,1
113,Sports,1
114,Comedy,1
114,Drama,1
114,New,1
114,Sports,1
115,Action,1
115,Animation,1
115,Children,1
115,Classics,1
115,Documentary,1
115,Drama,1
115,Games,1
115,Music,1
115,Sports,1
115,Travel,1
116,Travel,1
116,Animation,1
116,Classics,1
116,Comedy,1
116,Foreign,1
117,Children,1
117,Games,1
117,Sci-Fi,1
117,Sports,1
118,Action,1
118,Children,1
118,Classics,1
118,Documentary,1
118,Drama,1
118,Sports,1
119,Comedy,1
119,Drama,1
119,Family,1
119,Music,1
120,Classics,1
120,Drama,1
120,New,1
120,Travel,1
121,Action,1
121,Children,1
121,Drama,1
121,Horror,1
121,Music,1
121,New,1
121,Sci-Fi,1
121,Sports,1
122,Foreign,1
123,Classics,1
123,Foreign,1
123,Horror,1
123,Sci-Fi,1
123,Sports,1
124,Action,1
124,Animation,1
124,Drama,1
124,Horror,1
124,Music,1
124,New,1
125,Action,1
125,Animation,1
125,Comedy,1
125,Family,1
125,Foreign,1
125,Horror,1
125,Music,1
125,New,1
125,Sports,1
126,Documentary,1
126,Games,1
126,Horror,1
127,Animation,1
127,Children,1
127,Classics,1
127,Foreign,1
127,Games,1
127,Music,1
127,Sci-Fi,1
128,Action,1
128,Children,1
128,Drama,1
128,Horror,1
128,Travel,1
129,Travel,1
129,Animation,1
129,Foreign,1
129,New,1
129,Sci-Fi,1
130,Children,1
130,Comedy,1
130,Foreign,1
130,Horror,1
131,Action,1
131,Comedy,1
131,Family,1
131,Foreign,1
131,Games,1
131,Music,1
131,Sci-Fi,1
131,Sports,1
132,Animation,1
132,Comedy,1
132,Drama,1
132,Foreign,1
132,Music,1
133,Comedy,1
133,Family,1
133,Sci-Fi,1
133,Travel,1
134,Animation,1
134,Family,1
134,Horror,1
134,Sci-Fi,1
134,Sports,1
135,Action,1
135,Classics,1
135,Comedy,1
135,Documentary,1
135,Games,1
135,Horror,1
135,Music,1
135,Sports,1
135,Travel,1
136,Action,1
136,Drama,1
136,Foreign,1
136,New,1
136,Sci-Fi,1
137,Action,1
137,Classics,1
137,Documentary,1
137,Drama,1
137,Foreign,1
137,Sci-Fi,1
138,Action,1
138,Animation,1
138,Comedy,1
138,Horror,1
138,New,1
139,Action,1
139,Animation,1
139,Drama,1
139,Family,1
139,Foreign,1
139,Games,1
139,Horror,1
139,New,1
139,Sci-Fi,1
139,Travel,1
140,Children,1
140,Comedy,1
140,Family,1
140,Music,1
140,New,1
140,Sci-Fi,1
140,Travel,1
141,Children,1
141,Comedy,1
141,Drama,1
141,Family,1
141,Foreign,1
141,New,1
141,Sports,1
141,Travel,1
142,Travel,1
142,Action,1
142,Children,1
142,Classics,1
142,Drama,1
142,Family,1
142,Foreign,1
142,New,1
142,Sci-Fi,1
143,Comedy,1
143,Documentary,1
143,Drama,1
143,Foreign,1
143,Sci-Fi,1
143,Sports,1
144,Comedy,1
144,Documentary,1
144,Family,1
144,Music,1
144,New,1
144,Travel,1
145,Comedy,1
145,Foreign,1
145,Sports,1
146,Animation,1
146,Comedy,1
146,Drama,1
146,Family,1
146,Foreign,1
146,Games,1
146,Horror,1
146,New,1
146,Travel,1
147,Classics,1
147,Comedy,1
147,Drama,1
148,Classics,1
148,Comedy,1
148,Drama,1
148,Sports,1
149,Children,1
149,Classics,1
149,Comedy,1
149,Documentary,1
149,Family,1
149,Foreign,1
149,Horror,1
149,New,1
150,Animation,1
150,Documentary,1
150,Drama,1
150,Foreign,1
150,Horror,1
150,Music,1
150,New,1
150,Travel,1
151,Action,1
151,Drama,1
151,Games,1
151,Music,1
151,Sports,1
152,Children,1
152,Comedy,1
152,Drama,1
152,Foreign,1
152,Horror,1
152,Music,1
152,Sci-Fi,1
153,Animation,1
153,Children,1
153,Comedy,1
153,Music,1
153,New,1
153,Sci-Fi,1
154,Classics,1
154,Comedy,1
154,Drama,1
154,Sci-Fi,1
154,Sports,1
155,Animation,1
155,Children,1
155,Comedy,1
155,Family,1
155,Games,1
155,Travel,1
156,Travel,1
156,Children,1
156,Classics,1
156,Documentary,1
156,Family,1
156,Foreign,1
156,Music,1
156,Sci-Fi,1
157,Documentary,1
157,Horror,1
157,Sci-Fi,1
157,Sports,1
158,Children,1
158,Drama,1
158,Foreign,1
158,Games,1
158,Horror,1
158,New,1
158,Sports,1
158,Travel,1
159,Travel,1
159,Animation,1
159,Classics,1
159,Foreign,1
160,Animation,1
160,Classics,1
160,Family,1
160,Foreign,1
160,Sports,1
161,Animation,1
161,Games,1
161,Horror,1
161,New,1
161,Sports,1
161,Travel,1
162,Action,1
162,Animation,1
162,Children,1
162,Classics,1
162,Comedy,1
162,Family,1
162,Foreign,1
162,Horror,1
162,Sports,1
163,Family,1
163,Games,1
163,Sci-Fi,1
163,Travel,1
164,Action,1
164,Animation,1
164,Children,1
164,Documentary,1
164,Family,1
164,Music,1
164,Sci-Fi,1
164,Travel,1
165,Animation,1
165,Classics,1
165,Horror,1
165,Music,1
165,Sci-Fi,1
165,Sports,1
165,Travel,1
166,Animation,1
166,Comedy,1
166,Family,1
166,Horror,1
166,Music,1
166,New,1
166,Sports,1
167,Action,1
167,Children,1
167,Documentary,1
167,Foreign,1
167,Games,1
167,Horror,1
168,Action,1
168,Documentary,1
168,Drama,1
168,Horror,1
168,Sci-Fi,1
169,Animation,1
169,Children,1
169,Classics,1
169,Drama,1
169,Family,1
169,Horror,1
169,Sports,1
170,Animation,1
170,Children,1
170,Drama,1
170,Family,1
170,Foreign,1
170,Games,1
170,Music,1
170,Sports,1
170,Travel,1
171,Animation,1
171,Foreign,1
171,Horror,1
171,Music,1
172,Drama,1
172,Foreign,1
172,Games,1
172,Horror,1
172,Sports,1
173,Children,1
173,Classics,1
173,Family,1
173,Games,1
173,New,1
173,Travel,1
174,Travel,1
174,Comedy,1
174,Games,1
174,Horror,1
175,Action,1
175,Classics,1
175,Drama,1
175,Family,1
175,Games,1
175,Sci-Fi,1
175,Sports,1
176,Action,1
176,Children,1
176,Drama,1
176,Horror,1
176,New,1
176,Travel,1
177,Animation,1
177,Children,1
177,Comedy,1
177,Documentary,1
177,Horror,1
178,Action,1
178,Classics,1
178,Music,1
178,Sci-Fi,1
179,Action,1
179,Children,1
179,Classics,1
179,Drama,1
179,Foreign,1
179,Games,1
179,Music,1
179,New,1
179,Sci-Fi,1
179,Sports,1
179,Travel,1
180,Animation,1
180,Children,1
180,Classics,1
180,Comedy,1
180,Foreign,1
180,Horror,1
181,Action,1
181,Animation,1
181,Children,1
181,Comedy,1
181,Drama,1
181,Sci-Fi,1
182,Action,1
182,Children,1
182,Comedy,1
182,Documentary,1
182,New,1
182,Sports,1
183,Classics,1
183,Family,1
183,Games,1
183,Music,1
183,New,1
183,Sports,1
184,Action,1
184,Animation,1
184,Documentary,1
184,Travel,1
185,Action,1
185,Animation,1
185,Children,1
185,Classics,1
185,Foreign,1
185,Games,1
185,Sports,1
186,Action,1
186,Classics,1
186,Drama,1
186,Family,1
186,Horror,1
186,New,1
186,Sports,1
187,Animation,1
187,Children,1
187,Comedy,1
187,Drama,1
187,Horror,1
187,Sci-Fi,1
188,Action,1
188,Comedy,1
188,Documentary,1
188,Horror,1
188,Sci-Fi,1
188,Sports,1
188,Travel,1
189,Animation,1
189,Children,1
189,Classics,1
189,Drama,1
189,Family,1
189,New,1
189,Sci-Fi,1
189,Sports,1
189,Travel,1
190,Drama,1
190,Family,1
190,Sci-Fi,1
190,Travel,1
191,Children,1
191,Drama,1
191,Games,1
191,Music,1
191,New,1
191,Sci-Fi,1
192,Classics,1
192,Documentary,1
192,Drama,1
192,Family,1
192,Music,1
192,Sci-Fi,1
192,Sports,1
193,Children,1
193,Comedy,1
193,Games,1
193,Music,1
193,Sports,1
194,Action,1
194,Animation,1
194,Drama,1
194,Family,1
194,New,1
194,Sports,1
195,Action,1
195,Comedy,1
195,Family,1
195,Games,1
195,Music,1
195,Travel,1
196,Action,1
196,Children,1
196,Comedy,1
196,Foreign,1
196,Sci-Fi,1
196,Sports,1
197,Action,1
197,Animation,1
197,Children,1
197,Classics,1
197,Drama,1
197,Games,1
197,Horror,1
197,Music,1
197,New,1
197,Sports,1
198,Children,1
198,Drama,1
198,Music,1
198,Travel,1
199,Travel,1
199,Action,1
199,Drama,1
199,Music,1
199,New,1
199,Sports,1
200,Animation,1
200,Children,1
200,Classics,1
200,Drama,1
201,Comedy,1
201,Drama,1
201,Foreign,1
201,Music,1
202,Animation,1
202,Drama,1
202,Family,1
202,Foreign,1
202,Games,1
202,Horror,1
202,New,1
202,Sci-Fi,1
203,Animation,1
203,Documentary,1
203,Horror,1
204,Children,1
204,Comedy,1
204,Games,1
204,Horror,1
204,Music,1
204,New,1
204,Travel,1
205,Action,1
205,Animation,1
205,Classics,1
205,Documentary,1
205,Foreign,1
205,Games,1
205,Horror,1
205,Music,1
205,Sci-Fi,1
206,Action,1
206,Animation,1
206,Children,1
206,Comedy,1
206,Foreign,1
206,Games,1
206,Travel,1
207,Action,1
207,Animation,1
207,Comedy,1
207,Foreign,1
207,Horror,1
207,Sci-Fi,1
207,Travel,1
208,Action,1
208,Animation,1
208,Comedy,1
208,Drama,1
208,Family,1
208,Games,1
208,Horror,1
208,Music,1
208,Sci-Fi,1
208,Sports,1
209,Action,1
209,Comedy,1
209,Games,1
209,Music,1
209,New,1
209,Sci-Fi,1
210,Children,1
210,Drama,1
210,Games,1
210,Horror,1
210,Music,1
210,Sci-Fi,1
211,Action,1
211,Classics,1
211,Comedy,1
211,Documentary,1
211,Drama,1
211,Games,1
211,Horror,1
211,Sci-Fi,1
211,Travel,1
212,Animation,1
212,Family,1
212,Foreign,1
212,Sci-Fi,1
213,Action,1
213,Documentary,1
213,Family,1
213,Foreign,1
213,Music,1
214,Action,1
214,Classics,1
214,Comedy,1
214,Documentary,1
214,Drama,1
214,Family,1
214,Foreign,1
215,Comedy,1
215,Documentary,1
215,New,1
215,Travel,1
216,Animation,1
216,Classics,1
216,Sports,1
217,Foreign,1
217,Sci-Fi,1
217,Travel,1
218,Action,1
218,Comedy,1
218,Drama,1
218,Games,1
219,Animation,1
219,Documentary,1
219,Drama,1
219,Family,1
219,Foreign,1
219,Music,1
219,New,1
219,Sports,1
220,Action,1
220,Classics,1
220,Comedy,1
220,Documentary,1
220,Family,1
220,Travel,1
221,Travel,1
221,Action,1
221,Classics,1
221,Documentary,1
221,Family,1
221,Games,1
221,Horror,1
221,Sci-Fi,1
222,Action,1
222,Animation,1
222,Comedy,1
222,Drama,1
222,Foreign,1
222,Games,1
222,New,1
222,Sci-Fi,1
222,Sports,1
223,Action,1
223,Children,1
223,Documentary,1
223,Family,1
223,Foreign,1
223,Sports,1
223,Travel,1
224,Children,1
224,Comedy,1
224,Drama,1
224,Family,1
224,Horror,1
224,Sports,1
225,Action,1
225,Animation,1
225,Classics,1
225,Comedy,1
225,Drama,1
225,Music,1
225,New,1
226,Animation,1
226,Classics,1
226,Comedy,1
226,Family,1
226,Foreign,1
226,Horror,1
226,Music,1
226,Sports,1
226,Travel,1
227,Action,1
227,Animation,1
227,Children,1
227,Classics,1
227,Family,1
227,Foreign,1
227,Games,1
227,Sci-Fi,1
228,Action,1
228,Animation,1
228,Foreign,1
228,Sci-Fi,1
229,Action,1
229,Children,1
229,Comedy,1
229,Drama,1
229,Music,1
229,New,1
229,Sci-Fi,1
229,Travel,1
230,Children,1
230,Classics,1
230,Comedy,1
230,Foreign,1
230,Music,1
230,New,1
231,Games,1
231,Horror,1
231,Music,1
231,New,1
232,Children,1
232,Documentary,1
232,Family,1
232,Games,1
232,Sci-Fi,1
233,Action,1
233,Children,1
233,Horror,1
233,Sci-Fi,1
233,Sports,1
234,Animation,1
234,Children,1
234,Documentary,1
234,Drama,1
234,Family,1
234,Sports,1
235,Action,1
235,Documentary,1
235,Horror,1
236,Action,1
236,Children,1
236,Music,1
236,Travel,1
237,Action,1
237,Children,1
237,Documentary,1
237,Games,1
237,Horror,1
237,New,1
237,Sci-Fi,1
238,Classics,1
238,Drama,1
238,Games,1
238,New,1
239,Action,1
239,Children,1
239,Classics,1
239,Documentary,1
239,Drama,1
239,Horror,1
239,Music,1
239,New,1
239,Sci-Fi,1
239,Travel,1
240,Travel,1
240,Action,1
240,Children,1
240,Documentary,1
241,Animation,1
241,Comedy,1
241,Games,1
241,Music,1
241,Sci-Fi,1
241,Sports,1
242,Children,1
242,Classics,1
242,Foreign,1
242,Sci-Fi,1
242,Travel,1
243,Action,1
243,Children,1
243,Classics,1
243,Comedy,1
243,Family,1
243,Sports,1
244,Animation,1
244,Classics,1
244,Sci-Fi,1
245,Family,1
245,Foreign,1
245,Games,1
245,Horror,1
245,New,1
245,Sci-Fi,1
245,Travel,1
246,Action,1
246,Children,1
246,Classics,1
246,Documentary,1
246,Games,1
247,Action,1
247,Animation,1
247,Foreign,1
247,Sports,1
248,Documentary,1
248,New,1
248,Sci-Fi,1
248,Sports,1
248,Travel,1
249,Animation,1
249,Comedy,1
249,Documentary,1
249,Drama,1
249,Family,1
249,Horror,1
249,Sci-Fi,1
250,Action,1
250,Children,1
250,Drama,1
250,Family,1
250,Foreign,1
250,Horror,1
250,Sci-Fi,1
250,Sports,1
250,Travel,1
251,Comedy,1
251,Documentary,1
251,Foreign,1
251,Games,1
252,Children,1
252,Comedy,1
252,Documentary,1
252,Drama,1
252,Sci-Fi,1
253,Comedy,1
253,Documentary,1
253,Games,1
253,Sci-Fi,1
253,Sports,1
254,Action,1
254,Comedy,1
254,Family,1
254,Music,1
254,Sports,1
255,Classics,1
255,Comedy,1
255,Drama,1
255,Family,1
255,New,1
256,Games,1
256,Horror,1
256,Sci-Fi,1
256,Sports,1
256,Travel,1
257,Animation,1
257,Children,1
257,Games,1
257,Horror,1
257,New,1
257,Sci-Fi,1
258,Documentary,1
258,Foreign,1
258,Horror,1
258,Music,1
258,New,1
258,Sci-Fi,1
258,Sports,1
259,Animation,1
259,Classics,1
259,Documentary,1
259,Drama,1
259,Family,1
259,Foreign,1
259,Games,1
259,Horror,1
259,Music,1
260,Action,1
260,Animation,1
260,Children,1
260,Classics,1
260,Documentary,1
260,Family,1
260,Foreign,1
260,Travel,1
261,Travel,1
261,Children,1
261,Classics,1
261,Comedy,1
261,Documentary,1
261,Drama,1
261,Games,1
261,Horror,1
261,Music,1
262,Animation,1
262,Children,1
262,Classics,1
262,Horror,1
262,New,1
262,Sports,1
262,Travel,1
263,Travel,1
263,Animation,1
263,Documentary,1
263,Drama,1
263,Horror,1
263,New,1
264,Documentary,1
264,Drama,1
264,Music,1
264,Travel,1
265,Action,1
265,Foreign,1
265,Horror,1
265,New,1
265,Sports,1
266,Action,1
266,Children,1
266,Family,1
266,Horror,1
266,Music,1
266,Sci-Fi,1
266,Travel,1
267,Travel,1
267,Action,1
267,Children,1
267,Documentary,1
267,Family,1
267,Sports,1
268,Animation,1
268,Comedy,1
268,Documentary,1
268,Music,1
268,Sci-Fi,1
268,Sports,1
269,Children,1
269,Foreign,1
269,Travel,1
270,Travel,1
270,Action,1
270,Animation,1
270,Classics,1
270,Comedy,1
270,Drama,1
270,Family,1
270,Games,1
270,Music,1
270,New,1
270,Sci-Fi,1
271,Documentary,1
271,Games,1
271,Travel,1
272,Animation,1
272,Documentary,1
272,Family,1
272,Horror,1
272,Music,1
272,New,1
273,Action,1
273,Animation,1
273,Family,1
273,Foreign,1
273,Games,1
273,Music,1
273,Sports,1
274,Action,1
274,Foreign,1
275,Classics,1
275,Comedy,1
275,Horror,1
275,Music,1
275,Sci-Fi,1
275,Sports,1
275,Travel,1
276,Children,1
276,Comedy,1
276,Drama,1
276,Family,1
276,Sports,1
277,Action,1
277,Animation,1
277,Children,1
277,Drama,1
277,Horror,1
277,New,1
277,Sci-Fi,1
278,Drama,1
278,Foreign,1
278,Music,1
278,Sci-Fi,1
279,Action,1
279,Children,1
279,Games,1
279,New,1
279,Sci-Fi,1
280,Animation,1
280,Children,1
280,Comedy,1
280,Drama,1
280,Foreign,1
280,Games,1
280,New,1
280,Sci-Fi,1
280,Sports,1
280,Travel,1
281,Family,1
281,Sports,1
282,Action,1
282,Classics,1
282,Family,1
282,Horror,1
282,Music,1
282,Sci-Fi,1
283,Animation,1
283,Games,1
284,Animation,1
284,Classics,1
284,Comedy,1
284,Foreign,1
284,Games,1
284,Music,1
284,New,1
284,Sci-Fi,1
285,Animation,1
285,Classics,1
285,Comedy,1
285,Games,1
285,Horror,1
285,New,1
285,Sports,1
285,Travel,1
286,Children,1
286,Classics,1
286,Foreign,1
286,Music,1
286,New,1
286,Sports,1
287,Children,1
287,Comedy,1
287,New,1
287,Sci-Fi,1
288,Action,1
288,Documentary,1
288,Sci-Fi,1
288,Sports,1
289,Children,1
289,Comedy,1
289,Drama,1
289,Family,1
290,Action,1
290,Children,1
290,Documentary,1
290,Drama,1
290,Games,1
290,Horror,1
291,Action,1
291,Animation,1
291,Children,1
291,Comedy,1
291,Music,1
291,Sports,1
291,Travel,1
292,Children,1
292,Classics,1
292,Family,1
292,Foreign,1
292,Games,1
292,Music,1
292,Sci-Fi,1
293,Animation,1
293,Children,1
293,Music,1
293,New,1
294,Animation,1
294,Documentary,1
294,Drama,1
294,Horror,1
294,Music,1
294,New,1
295,Children,1
295,Games,1
295,Horror,1
295,Travel,1
296,Classics,1
296,Comedy,1
296,Drama,1
296,Music,1
297,Classics,1
297,Drama,1
297,Family,1
297,Sci-Fi,1
297,Travel,1
298,Action,1
298,Animation,1
298,Children,1
298,Classics,1
298,Comedy,1
298,Family,1
298,Games,1
298,New,1
298,Sci-Fi,1
299,Foreign,1
299,Horror,1
299,New,1
299,Sci-Fi,1
299,Sports,1
300,Documentary,1
300,Drama,1
300,Foreign,1
300,Games,1
300,Horror,1
300,Sports,1
300,Travel,1
301,Children,1
301,Classics,1
301,Comedy,1
301,Documentary,1
301,Games,1
301,Horror,1
302,Animation,1
302,Comedy,1
302,Drama,1
302,Family,1
302,Horror,1
302,New,1
302,Sci-Fi,1
302,Travel,1
303,Action,1
303,Children,1
303,Classics,1
303,New,1
303,Sports,1
303,Travel,1
304,Travel,1
304,Action,1
304,Children,1
304,Classics,1
304,Family,1
304,Foreign,1
304,Games,1
304,Sports,1
305,Action,1
305,Documentary,1
305,Family,1
306,Action,1
306,Horror,1
306,Music,1
306,Sports,1
307,Action,1
307,Animation,1
307,Children,1
307,Drama,1
307,Foreign,1
307,Games,1
307,Sci-Fi,1
307,Travel,1
308,Classics,1
308,Documentary,1
308,Games,1
309,Comedy,1
309,Drama,1
309,Games,1
309,Music,1
310,Children,1
310,Horror,1
311,Action,1
311,Children,1
311,Games,1
311,Music,1
312,Comedy,1
312,Family,1
312,Music,1
312,Sports,1
313,Action,1
313,Children,1
313,Comedy,1
313,Sports,1
313,Travel,1
314,Travel,1
314,Classics,1
314,Drama,1
314,Music,1
314,Sci-Fi,1
314,Sports,1
315,Action,1
315,Classics,1
315,Comedy,1
315,Drama,1
315,Foreign,1
315,Games,1
315,New,1
315,Sci-Fi,1
315,Travel,1
316,Children,1
316,Classics,1
316,Comedy,1
316,Family,1
316,Music,1
316,New,1
317,Animation,1
317,Comedy,1
317,Documentary,1
317,Family,1
317,Music,1
317,New,1
317,Sports,1
318,Action,1
318,Comedy,1
318,Drama,1
318,Horror,1
318,New,1
319,Children,1
319,Classics,1
319,Comedy,1
319,Documentary,1
319,Drama,1
319,Family,1
319,Horror,1
319,Music,1
319,New,1
320,Animation,1
320,Classics,1
320,Comedy,1
320,Foreign,1
320,Sports,1
320,Travel,1
321,Travel,1
321,Action,1
321,Animation,1
321,Classics,1
321,Drama,1
321,Family,1
321,Games,1
321,Music,1
321,Sports,1
322,Animation,1
322,Comedy,1
322,Drama,1
322,Family,1
322,New,1
322,Travel,1
323,Drama,1
323,Horror,1
323,New,1
324,Animation,1
324,Documentary,1
324,Foreign,1
324,Horror,1
325,Documentary,1
325,Foreign,1
325,Horror,1
325,Music,1
325,New,1
326,Animation,1
326,Children,1
326,Comedy,1
326,Documentary,1
326,Drama,1
327,Animation,1
327,Documentary,1
327,Family,1
327,Horror,1
328,Action,1
328,Classics,1
328,Comedy,1
328,Drama,1
328,Family,1
328,Horror,1
328,Sports,1
329,Animation,1
329,Comedy,1
329,Games,1
329,Music,1
329,Sci-Fi,1
329,Travel,1
330,Action,1
330,Children,1
330,Foreign,1
330,Music,1
330,New,1
330,Sci-Fi,1
330,Sports,1
331,Animation,1
331,Classics,1
331,Documentary,1
331,Games,1
332,Action,1
332,Animation,1
332,Children,1
332,Classics,1
332,Comedy,1
332,Horror,1
332,Music,1
332,Sports,1
332,Travel,1
333,Classics,1
333,Drama,1
333,Family,1
333,Foreign,1
333,Horror,1
333,Music,1
333,Sci-Fi,1
333,Sports,1
334,Action,1
334,Drama,1
334,Family,1
334,Horror,1
334,Music,1
334,Sci-Fi,1
335,Comedy,1
335,Foreign,1
335,Games,1
335,Horror,1
335,Music,1
336,Action,1
336,Classics,1
336,Documentary,1
336,Games,1
336,Music,1
336,New,1
336,Sci-Fi,1
337,Family,1
337,Foreign,1
337,Music,1
337,Travel,1
338,Action,1
338,Children,1
338,Comedy,1
338,Foreign,1
339,Action,1
339,Children,1
339,Foreign,1
340,Children,1
340,Drama,1
340,Foreign,1
340,Horror,1
340,New,1
340,Sci-Fi,1
340,Travel,1
341,Animation,1
341,Classics,1
341,Documentary,1
341,Horror,1
341,Music,1
341,Sports,1
342,Animation,1
342,Children,1
342,Documentary,1
342,Drama,1
342,Family,1
342,Foreign,1
342,Music,1
342,Sci-Fi,1
343,Action,1
343,Animation,1
343,Drama,1
343,Foreign,1
343,Horror,1
343,Sci-Fi,1
343,Sports,1
343,Travel,1
344,Animation,1
344,Comedy,1
344,Documentary,1
344,Family,1
344,Foreign,1
344,Horror,1
344,Music,1
344,Sci-Fi,1
344,Sports,1
345,Animation,1
345,Classics,1
345,Documentary,1
345,Family,1
345,Foreign,1
345,Horror,1
345,Travel,1
346,Action,1
346,Documentary,1
346,Foreign,1
346,Horror,1
347,Action,1
347,Classics,1
347,Family,1
347,Horror,1
347,Music,1
347,Travel,1
348,Action,1
348,Children,1
348,Comedy,1
348,Foreign,1
348,New,1
348,Sci-Fi,1
349,Action,1
349,Comedy,1
349,Documentary,1
349,Drama,1
349,Foreign,1
349,Horror,1
349,New,1
349,Travel,1
350,Animation,1
350,New,1
350,Sports,1
351,Action,1
351,Documentary,1
351,Foreign,1
351,New,1
351,Sports,1
352,Comedy,1
352,Horror,1
352,Sci-Fi,1
352,Sports,1
353,Animation,1
353,Classics,1
353,Comedy,1
353,Drama,1
353,Games,1
353,Sci-Fi,1
353,Travel,1
354,Action,1
354,Animation,1
354,Children,1
354,Drama,1
354,Horror,1
354,Sports,1
355,Classics,1
355,Games,1
355,Horror,1
355,Music,1
355,Sci-Fi,1
355,Sports,1
356,Classics,1
356,Drama,1
356,Family,1
356,New,1
356,Sports,1
357,Family,1
357,Games,1
357,New,1
357,Sci-Fi,1
358,Children,1
358,Documentary,1
358,Foreign,1
358,Horror,1
359,Classics,1
359,Comedy,1
359,Drama,1
359,Family,1
359,Games,1
359,New,1
359,Sci-Fi,1
360,Action,1
360,Animation,1
360,Children,1
360,Classics,1
360,Family,1
360,Foreign,1
360,Horror,1
360,Travel,1
361,Animation,1
361,Horror,1
361,Sports,1
362,Action,1
362,Children,1
362,Classics,1
362,Documentary,1
362,Foreign,1
362,Games,1
362,New,1
362,Sci-Fi,1
363,Animation,1
363,Children,1
363,Classics,1
363,Comedy,1
363,Drama,1
363,Games,1
364,Action,1
364,Comedy,1
364,Foreign,1
365,Children,1
365,Family,1
365,Games,1
365,Horror,1
365,New,1
365,Sports,1
365,Travel,1
366,Children,1
366,Comedy,1
366,Documentary,1
366,Drama,1
366,Family,1
366,Foreign,1
366,New,1
367,Animation,1
367,Classics,1
367,Comedy,1
367,Family,1
367,Foreign,1
367,Games,1
367,Horror,1
367,Music,1
367,Sports,1
368,Action,1
368,Animation,1
368,Documentary,1
368,Drama,1
368,Foreign,1
368,Games,1
368,Horror,1
368,Music,1
368,New,1
369,Action,1
369,Classics,1
369,Documentary,1
369,Drama,1
369,Sports,1
370,Animation,1
370,Foreign,1
370,Music,1
370,Sports,1
371,Comedy,1
371,Documentary,1
371,Games,1
371,Horror,1
371,Sci-Fi,1
372,Children,1
372,Classics,1
372,Comedy,1
372,Family,1
372,Horror,1
372,Music,1
372,New,1
372,Sci-Fi,1
372,Sports,1
372,Travel,1
373,Action,1
373,Classics,1
373,Comedy,1
373,Drama,1
373,Games,1
373,Sci-Fi,1
374,Action,1
374,Children,1
374,Games,1
374,Horror,1
374,Music,1
374,Sci-Fi,1
374,Travel,1
375,Classics,1
375,Comedy,1
375,Drama,1
375,Games,1
375,Music,1
376,Action,1
376,Children,1
376,Comedy,1
376,Music,1
376,Sci-Fi,1
376,Travel,1
377,Travel,1
377,Animation,1
377,Children,1
377,Comedy,1
377,Foreign,1
377,Games,1
377,New,1
377,Sci-Fi,1
378,Action,1
378,Animation,1
378,Children,1
379,Animation,1
379,Classics,1
379,Family,1
379,Music,1
379,New,1
379,Sci-Fi,1
380,Animation,1
380,Classics,1
380,Comedy,1
380,Documentary,1
380,Drama,1
380,Family,1
380,Games,1
380,Music,1
380,Sports,1
380,Travel,1
381,Animation,1
381,Children,1
381,Comedy,1
381,Drama,1
381,Games,1
382,Action,1
382,Animation,1
382,Children,1
382,Documentary,1
382,Foreign,1
382,Sci-Fi,1
382,Travel,1
383,Classics,1
383,Foreign,1
383,Horror,1
383,Music,1
383,Sci-Fi,1
384,Comedy,1
384,Documentary,1
384,Drama,1
384,Games,1
384,Horror,1
384,Sports,1
385,Foreign,1
385,Games,1
385,Horror,1
385,Sci-Fi,1
385,Travel,1
386,Travel,1
386,Animation,1
386,Drama,1
386,Foreign,1
386,Music,1
386,Sci-Fi,1
387,Action,1
387,Classics,1
387,Family,1
387,Foreign,1
387,Games,1
387,Sports,1
388,Action,1
388,Children,1
388,Classics,1
388,Comedy,1
388,Documentary,1
388,Games,1
388,Horror,1
388,Music,1
388,New,1
389,Drama,1
389,Family,1
389,Games,1
389,Horror,1
389,Music,1
389,Sci-Fi,1
389,Sports,1
390,Animation,1
390,Children,1
390,New,1
391,Classics,1
391,Comedy,1
391,Documentary,1
391,Foreign,1
391,Horror,1
391,New,1
391,Travel,1
392,Animation,1
392,Children,1
392,Classics,1
392,Comedy,1
392,Documentary,1
392,Foreign,1
392,Music,1
392,Sci-Fi,1
392,Sports,1
393,Children,1
393,Horror,1
393,Music,1
393,Sports,1
393,Travel,1
394,Action,1
394,Classics,1
394,Documentary,1
394,Sci-Fi,1
394,Sports,1
395,Horror,1
395,Music,1
396,Comedy,1
396,Documentary,1
396,Drama,1
396,Family,1
396,Foreign,1
396,Horror,1
396,Sci-Fi,1
397,Action,1
397,Children,1
397,Documentary,1
397,Horror,1
397,New,1
397,Sci-Fi,1
398,Comedy,1
398,Music,1
398,Sports,1
398,Travel,1
399,Action,1
399,Children,1
399,Drama,1
399,Family,1
399,Horror,1
400,Action,1
400,Classics,1
400,Foreign,1
400,Games,1
400,Music,1
400,New,1
400,Sports,1
400,Travel,1
401,Animation,1
401,Children,1
401,Documentary,1
401,Family,1
401,Foreign,1
401,New,1
401,Sports,1
402,Classics,1
402,Music,1
402,Sci-Fi,1
402,Sports,1
403,Children,1
403,Foreign,1
403,Games,1
403,Horror,1
403,Sports,1
403,Travel,1
404,Action,1
404,Classics,1
404,Drama,1
404,Games,1
404,Music,1
404,New,1
404,Sci-Fi,1
405,Animation,1
405,Classics,1
405,Horror,1
405,Sports,1
406,Classics,1
406,New,1
406,Sci-Fi,1
406,Sports,1
407,Action,1
407,Classics,1
407,Documentary,1
407,Drama,1
407,Foreign,1
407,Sports,1
408,Animation,1
408,Games,1
408,Sports,1
409,Animation,1
409,Children,1
409,Classics,1
409,Comedy,1
409,Documentary,1
409,Games,1
409,Music,1
409,Sci-Fi,1
409,Travel,1
410,Documentary,1
410,Foreign,1
410,Horror,1
411,Family,1
411,Music,1
411,Sports,1
412,Classics,1
412,Comedy,1
412,Drama,1
412,Sci-Fi,1
412,Sports,1
412,Travel,1
413,Action,1
413,Horror,1
413,Travel,1
414,Family,1
414,Foreign,1
414,Horror,1
414,Music,1
414,New,1
414,Sports,1
415,Action,1
415,Animation,1
415,Children,1
415,Classics,1
415,Documentary,1
415,Family,1
415,Horror,1
415,Sci-Fi,1
415,Travel,1
416,Travel,1
416,Animation,1
416,Classics,1
416,Foreign,1
416,Games,1
416,Horror,1
416,Sci-Fi,1
416,Sports,1
417,Animation,1
417,Comedy,1
417,Drama,1
417,Horror,1
417,Music,1
418,Classics,1
418,Documentary,1
418,Drama,1
418,Foreign,1
418,Games,1
418,New,1
418,Travel,1
419,Drama,1
419,Foreign,1
419,Music,1
420,Action,1
420,Children,1
420,Documentary,1
420,Games,1
420,Horror,1
420,Sci-Fi,1
420,Travel,1
421,Travel,1
421,Comedy,1
421,Documentary,1
421,Family,1
421,Foreign,1
421,Music,1
421,Sci-Fi,1
422,Classics,1
422,Documentary,1
422,Drama,1
422,Family,1
422,Horror,1
422,Sci-Fi,1
423,Children,1
423,Family,1
423,Foreign,1
423,Horror,1
423,Music,1
423,Sports,1
424,Action,1
424,Comedy,1
424,Documentary,1
424,Games,1
424,New,1
424,Travel,1
425,Travel,1
425,Family,1
425,Sci-Fi,1
426,Children,1
426,Foreign,1
426,Horror,1
426,Sports,1
426,Travel,1
427,Action,1
427,Animation,1
427,Games,1
427,Horror,1
428,Drama,1
428,Games,1
428,Horror,1
428,Sports,1
429,Action,1
429,Classics,1
429,Comedy,1
429,Documentary,1
429,Drama,1
429,Foreign,1
429,Horror,1
429,Sci-Fi,1
429,Travel,1
430,Travel,1
430,Animation,1
430,Comedy,1
430,Family,1
430,Horror,1
430,Music,1
430,New,1
430,Sci-Fi,1
431,Animation,1
431,Children,1
431,Travel,1
432,Travel,1
432,Action,1
432,Children,1
432,Documentary,1
432,Drama,1
432,Games,1
432,Music,1
432,New,1
432,Sports,1
433,Horror,1
433,Sports,1
433,Travel,1
434,Family,1
434,Horror,1
434,New,1
435,Children,1
435,Foreign,1
435,Games,1
436,Children,1
436,Documentary,1
436,Family,1
436,Foreign,1
436,Horror,1
437,Animation,1
437,Comedy,1
437,Documentary,1
437,Sci-Fi,1
437,Sports,1
437,Travel,1
438,Comedy,1
438,Documentary,1
438,Family,1
438,Foreign,1
438,Horror,1
439,Children,1
439,Classics,1
439,Foreign,1
440,Animation,1
440,Classics,1
440,Drama,1
440,Games,1
440,Music,1
441,Action,1
441,Classics,1
441,Documentary,1
441,Drama,1
441,Music,1
441,Sci-Fi,1
442,Children,1
442,Comedy,1
442,Family,1
442,Foreign,1
442,Games,1
442,Horror,1
442,Music,1
442,New,1
442,Sci-Fi,1
442,Travel,1
443,Children,1
443,Documentary,1
443,Family,1
443,Foreign,1
443,Games,1
443,Music,1
443,Sci-Fi,1
444,Comedy,1
444,Foreign,1
444,Music,1
444,Travel,1
445,Children,1
445,Family,1
445,Horror,1
446,Animation,1
446,Comedy,1
446,Documentary,1
446,Horror,1
446,Sports,1
447,Action,1
447,Children,1
447,Comedy,1
447,Documentary,1
447,Drama,1
447,Sci-Fi,1
447,Sports,1
448,Family,1
448,Horror,1
448,New,1
448,Sports,1
448,Travel,1
449,Animation,1
449,Classics,1
449,Comedy,1
449,Documentary,1
449,Drama,1
449,Foreign,1
449,Music,1
449,New,1
449,Sports,1
450,Action,1
450,Classics,1
450,Documentary,1
450,Drama,1
450,Family,1
450,Foreign,1
450,Music,1
450,New,1
451,Classics,1
451,Documentary,1
451,Drama,1
451,Games,1
451,New,1
451,Sci-Fi,1
451,Travel,1
452,Action,1
452,Children,1
452,Documentary,1
452,Family,1
452,Foreign,1
452,Horror,1
452,Sports,1
453,Classics,1
453,Documentary,1
453,Games,1
454,Action,1
454,Comedy,1
454,Foreign,1
454,Horror,1
454,New,1
454,Sci-Fi,1
455,Comedy,1
455,Drama,1
455,Family,1
455,Games,1
455,Horror,1
455,New,1
455,Sports,1
456,Documentary,1
456,Family,1
456,Foreign,1
456,Sci-Fi,1
456,Sports,1
457,Action,1
457,Animation,1
457,Comedy,1
457,Family,1
457,Foreign,1
457,Horror,1
457,New,1
457,Sci-Fi,1
457,Sports,1
458,Action,1
458,Children,1
458,Classics,1
458,Comedy,1
458,Foreign,1
458,Music,1
458,New,1
458,Sci-Fi,1
459,Children,1
459,Family,1
459,Games,1
459,Horror,1
459,Sci-Fi,1
459,Sports,1
459,Travel,1
460,Travel,1
460,Drama,1
460,Family,1
460,Horror,1
460,Sports,1
461,Animation,1
461,Comedy,1
461,Documentary,1
461,Family,1
461,New,1
462,Action,1
462,Drama,1
462,Horror,1
462,Music,1
462,Sports,1
462,Travel,1
463,Action,1
463,Classics,1
463,Documentary,1
463,Drama,1
463,Foreign,1
463,Games,1
463,Horror,1
463,Sci-Fi,1
464,Action,1
464,Animation,1
464,Classics,1
464,Comedy,1
464,Drama,1
464,Games,1
464,Horror,1
464,Music,1
465,Children,1
465,Foreign,1
466,Action,1
466,Comedy,1
466,Documentary,1
466,Drama,1
466,Horror,1
466,New,1
466,Sports,1
467,Animation,1
467,Comedy,1
467,Drama,1
467,Foreign,1
467,Games,1
468,Action,1
468,Children,1
468,Classics,1
468,Comedy,1
468,Documentary,1
468,Horror,1
468,Travel,1
469,Animation,1
469,Children,1
469,Comedy,1
469,Documentary,1
469,Drama,1
469,Foreign,1
469,Music,1
469,Sports,1
470,Animation,1
470,Children,1
470,Drama,1
470,Family,1
470,Music,1
470,New,1
470,Travel,1
471,Animation,1
471,Children,1
471,Classics,1
471,Documentary,1
471,Family,1
471,Horror,1
471,Sports,1
472,Documentary,1
472,Drama,1
472,Family,1
473,Action,1
473,Classics,1
473,Drama,1
473,Music,1
473,Sci-Fi,1
474,Animation,1
474,Children,1
474,Drama,1
474,Horror,1
475,Documentary,1
475,Foreign,1
475,Sci-Fi,1
475,Sports,1
476,Children,1
476,Drama,1
476,Family,1
476,Foreign,1
476,Games,1
476,Music,1
476,New,1
477,Action,1
477,Children,1
477,Comedy,1
477,Documentary,1
477,Family,1
477,Sports,1
478,Animation,1
478,Comedy,1
478,Documentary,1
478,Foreign,1
479,Animation,1
479,Classics,1
479,New,1
479,Travel,1
480,Travel,1
480,Animation,1
480,Classics,1
480,Comedy,1
480,Family,1
480,Horror,1
481,Action,1
481,Animation,1
481,Comedy,1
481,Family,1
481,Travel,1
482,Animation,1
482,Children,1
482,Family,1
482,Foreign,1
482,Games,1
482,Horror,1
482,New,1
483,Comedy,1
483,Foreign,1
483,Sports,1
484,Action,1
484,Comedy,1
484,Documentary,1
484,Drama,1
484,Family,1
484,Horror,1
484,Music,1
484,New,1
484,Sci-Fi,1
485,Children,1
485,Comedy,1
485,Documentary,1
485,Games,1
485,Horror,1
485,New,1
485,Sci-Fi,1
485,Sports,1
486,Foreign,1
487,Family,1
487,Foreign,1
487,Games,1
487,Horror,1
487,Sci-Fi,1
487,Sports,1
487,Travel,1
488,Children,1
488,Family,1
488,Games,1
488,Horror,1
488,Sci-Fi,1
488,Sports,1
489,Animation,1
489,Foreign,1
489,New,1
489,Sports,1
490,Action,1
490,Children,1
490,Family,1
490,Games,1
490,Horror,1
490,Sports,1
491,Action,1
491,Classics,1
491,Drama,1
491,Family,1
491,Horror,1
492,Classics,1
492,Drama,1
492,Family,1
492,Sci-Fi,1
492,Travel,1
493,Action,1
493,Animation,1
493,Children,1
493,Classics,1
493,Family,1
493,Sci-Fi,1
493,Sports,1
494,Classics,1
494,Family,1
494,Foreign,1
494,New,1
494,Sci-Fi,1
494,Travel,1
495,Comedy,1
495,Documentary,1
495,Drama,1
495,Sci-Fi,1
495,Sports,1
495,Travel,1
496,Travel,1
496,Animation,1
497,Comedy,1
497,Drama,1
497,Games,1
497,New,1
497,Sports,1
498,Action,1
498,Foreign,1
498,Games,1
498,Horror,1
499,Action,1
499,Comedy,1
499,Documentary,1
499,Drama,1
499,Foreign,1
499,Horror,1
499,Music,1
499,Sci-Fi,1
499,Travel,1
500,Animation,1
500,Classics,1
500,Drama,1
500,Family,1
500,Games,1
500,Horror,1
500,Sci-Fi,1
500,Sports,1
501,Action,1
501,Drama,1
501,Family,1
501,Sci-Fi,1
501,Sports,1
502,Animation,1
502,Children,1
502,Comedy,1
502,Drama,1
502,Foreign,1
502,Sci-Fi,1
502,Travel,1
503,Travel,1
503,Action,1
503,Children,1
503,Comedy,1
503,Documentary,1
503,Games,1
503,Sci-Fi,1
504,Action,1
504,Animation,1
504,Documentary,1
504,Family,1
504,Sports,1
505,Comedy,1
505,Documentary,1
505,Family,1
505,Foreign,1
505,Games,1
505,Horror,1
505,Sci-Fi,1
505,Sports,1
506,Animation,1
506,Classics,1
506,Documentary,1
506,New,1
506,Sci-Fi,1
507,Action,1
507,Animation,1
507,Children,1
507,Classics,1
507,Comedy,1
507,Drama,1
507,Foreign,1
507,Music,1
507,Sports,1
508,Animation,1
508,Children,1
508,Family,1
508,New,1
508,Sci-Fi,1
508,Sports,1
508,Travel,1
509,Family,1
509,Foreign,1
509,Games,1
509,New,1
510,Action,1
510,Animation,1
510,Classics,1
510,Comedy,1
510,Documentary,1
510,Family,1
510,New,1
511,Children,1
511,Family,1
511,Foreign,1
511,Games,1
511,Music,1
512,Classics,1
512,Comedy,1
512,Drama,1
512,Foreign,1
512,Horror,1
512,Sci-Fi,1
512,Travel,1
513,Action,1
513,Classics,1
513,Comedy,1
513,Family,1
513,Music,1
513,Sci-Fi,1
513,Travel,1
514,Action,1
514,Animation,1
514,Children,1
514,Documentary,1
514,Horror,1
514,Sci-Fi,1
515,Action,1
515,Children,1
515,Classics,1
515,Comedy,1
515,Drama,1
515,Games,1
515,New,1
515,Sci-Fi,1
515,Sports,1
516,Action,1
516,Animation,1
516,Classics,1
516,Documentary,1
516,Drama,1
516,Family,1
516,Games,1
516,Horror,1
516,Music,1
516,New,1
516,Sports,1
517,Action,1
517,Animation,1
517,Children,1
517,Classics,1
517,Horror,1
517,Travel,1
518,Animation,1
518,Family,1
518,Sci-Fi,1
519,Animation,1
519,Documentary,1
519,Games,1
519,Horror,1
519,Travel,1
520,Travel,1
520,Action,1
520,Documentary,1
520,Family,1
520,Foreign,1
520,Music,1
520,New,1
520,Sports,1
521,Children,1
521,Sci-Fi,1
522,Action,1
522,Classics,1
522,Drama,1
522,Family,1
522,Foreign,1
522,Horror,1
522,New,1
522,Sci-Fi,1
522,Sports,1
522,Travel,1
523,Action,1
523,Comedy,1
523,Drama,1
523,Foreign,1
523,Games,1
523,Horror,1
523,Sci-Fi,1
524,Action,1
524,Children,1
524,Documentary,1
524,Family,1
524,Games,1
524,Music,1
524,New,1
524,Sports,1
525,Children,1
525,Classics,1
525,Drama,1
525,Horror,1
526,Action,1
526,Classics,1
526,Comedy,1
526,Music,1
527,Animation,1
527,Classics,1
527,Foreign,1
527,New,1
527,Travel,1
528,Animation,1
528,Children,1
528,Foreign,1
528,Games,1
528,Horror,1
528,Travel,1
529,Action,1
529,Animation,1
529,Classics,1
529,Documentary,1
529,Drama,1
529,Music,1
529,Sci-Fi,1
529,Travel,1
530,Animation,1
530,Children,1
530,Classics,1
530,Comedy,1
530,Drama,1
530,Family,1
530,Foreign,1
530,Horror,1
530,Sports,1
531,Animation,1
531,Children,1
531,Classics,1
531,Comedy,1
531,Documentary,1
531,Family,1
531,Foreign,1
531,Games,1
531,New,1
532,Children,1
532,Comedy,1
532,Drama,1
532,Family,1
532,Foreign,1
532,Games,1
532,Sci-Fi,1
533,Classics,1
533,Games,1
533,Music,1
533,New,1
534,Action,1
534,Animation,1
534,Classics,1
534,Drama,1
534,New,1
534,Sci-Fi,1
534,Sports,1
535,Comedy,1
535,Games,1
535,Music,1
535,New,1
535,Travel,1
536,Travel,1
536,Classics,1
536,Drama,1
537,Children,1
537,Foreign,1
537,Games,1
537,Horror,1
537,New,1
537,Sci-Fi,1
538,Action,1
538,Animation,1
538,Comedy,1
538,Documentary,1
538,Family,1
538,Sci-Fi,1
539,Action,1
539,Animation,1
539,Foreign,1
539,Music,1
539,Sci-Fi,1
540,Action,1
540,Children,1
540,Classics,1
540,Comedy,1
540,Documentary,1
540,Drama,1
541,Classics,1
541,Family,1
541,Foreign,1
541,Games,1
541,New,1
541,Sci-Fi,1
541,Sports,1
542,Children,1
542,Comedy,1
542,Games,1
543,Action,1
543,Animation,1
543,Children,1
543,Comedy,1
543,Family,1
543,Foreign,1
543,Games,1
543,Sci-Fi,1
544,Animation,1
544,Classics,1
544,Family,1
544,Sci-Fi,1
545,Action,1
545,Children,1
545,Drama,1
545,New,1
545,Sci-Fi,1
546,Action,1
546,Comedy,1
546,Drama,1
546,Family,1
546,Horror,1
546,New,1
546,Sci-Fi,1
546,Sports,1
547,Classics,1
547,Drama,1
547,Family,1
547,Games,1
547,Horror,1
547,Travel,1
548,Animation,1
548,Drama,1
548,Family,1
548,Horror,1
549,Classics,1
549,Comedy,1
549,Drama,1
550,Drama,1
550,Games,1
550,New,1
551,Documentary,1
551,Family,1
551,Foreign,1
551,Games,1
551,New,1
551,Sci-Fi,1
551,Sports,1
551,Travel,1
552,Travel,1
552,Animation,1
552,Classics,1
552,Family,1
552,Foreign,1
552,Horror,1
552,Sci-Fi,1
552,Sports,1
553,Action,1
553,Animation,1
553,Children,1
553,Comedy,1
553,Family,1
553,Foreign,1
553,Games,1
553,New,1
554,Horror,1
554,New,1
554,Sports,1
555,Action,1
555,Animation,1
555,Comedy,1
555,Foreign,1
556,Action,1
556,Classics,1
556,Comedy,1
556,Family,1
556,New,1
556,Sci-Fi,1
556,Sports,1
557,Comedy,1
557,Drama,1
557,Family,1
557,Foreign,1
557,Sci-Fi,1
557,Sports,1
558,Children,1
558,Foreign,1
558,Games,1
558,Music,1
558,New,1
558,Sci-Fi,1
559,Action,1
559,Drama,1
559,Family,1
559,Foreign,1
559,Music,1
559,New,1
559,Sci-Fi,1
560,Animation,1
560,Classics,1
560,Horror,1
561,Action,1
561,Foreign,1
561,Games,1
561,New,1
562,Action,1
562,Classics,1
562,Comedy,1
562,Documentary,1
562,Family,1
562,Games,1
562,Horror,1
562,New,1
562,Sci-Fi,1
562,Sports,1
563,Animation,1
563,Children,1
563,Classics,1
563,Family,1
563,Foreign,1
563,New,1
563,Sci-Fi,1
564,Family,1
564,Foreign,1
564,Horror,1
564,New,1
564,Sports,1
565,Classics,1
565,Comedy,1
565,Documentary,1
565,Foreign,1
565,Games,1
565,New,1
565,Sci-Fi,1
566,Children,1
566,New,1
566,Travel,1
567,Animation,1
567,Drama,1
567,Family,1
567,Games,1
567,Sports,1
568,Action,1
568,Comedy,1
568,Documentary,1
568,Drama,1
568,Foreign,1
569,Classics,1
569,Comedy,1
569,Documentary,1
569,Family,1
569,Horror,1
569,Music,1
570,Animation,1
570,Children,1
570,Games,1
570,Horror,1
570,Sci-Fi,1
570,Travel,1
571,Animation,1
571,Children,1
571,Classics,1
571,Comedy,1
571,Documentary,1
571,Family,1
572,Animation,1
572,Comedy,1
572,Foreign,1
572,Sci-Fi,1
573,Classics,1
573,Family,1
573,Foreign,1
573,Games,1
573,New,1
574,Action,1
574,Animation,1
574,Classics,1
574,Comedy,1
574,Documentary,1
574,Drama,1
574,New,1
574,Sci-Fi,1
574,Travel,1
575,Children,1
575,Documentary,1
575,Drama,1
575,Horror,1
575,Sci-Fi,1
576,Action,1
576,Children,1
576,Classics,1
576,Comedy,1
576,Drama,1
576,Foreign,1
577,Family,1
577,Horror,1
577,Music,1
577,Sports,1
578,Documentary,1
578,Family,1
578,Foreign,1
578,New,1
578,Sci-Fi,1
578,Sports,1
578,Travel,1
579,Travel,1
579,Action,1
579,Drama,1
579,Foreign,1
579,Horror,1
580,Classics,1
580,Drama,1
580,Horror,1
580,New,1
580,Sports,1
580,Travel,1
581,Classics,1
581,Comedy,1
581,Documentary,1
581,Family,1
582,Action,1
582,Animation,1
582,Comedy,1
582,Documentary,1
582,Foreign,1
582,Games,1
582,Music,1
582,New,1
583,Comedy,1
583,Family,1
583,Foreign,1
583,Horror,1
583,Sci-Fi,1
584,Classics,1
584,Drama,1
584,Horror,1
584,Music,1
584,New,1
584,Travel,1
585,Action,1
585,Animation,1
585,Documentary,1
585,Family,1
585,New,1
586,Classics,1
586,Games,1
587,Action,1
587,Children,1
587,Foreign,1
587,Horror,1
587,Music,1
588,Action,1
588,Children,1
588,Foreign,1
588,Travel,1
589,Children,1
589,Drama,1
589,Family,1
589,Horror,1
589,Music,1
589,New,1
589,Travel,1
590,Drama,1
590,Games,1
590,New,1
591,Comedy,1
591,Family,1
591,New,1
592,Action,1
592,Children,1
592,Classics,1
592,Games,1
592,Music,1
592,Travel,1
593,Documentary,1
593,Family,1
593,Games,1
593,Sci-Fi,1
593,Sports,1
593,Travel,1
594,Action,1
594,Classics,1
594,Comedy,1
594,Documentary,1
594,Family,1
594,Horror,1
594,New,1
595,Animation,1
595,Children,1
595,Classics,1
595,Comedy,1
595,Family,1
595,Foreign,1
595,Games,1
595,New,1
595,Travel,1
596,Action,1
596,Documentary,1
596,Drama,1
596,Family,1
596,Music,1
597,Animation,1
597,Foreign,1
597,Games,1
597,Sci-Fi,1
597,Sports,1
597,Travel,1
598,Action,1
598,Animation,1
598,Children,1
598,Classics,1
598,Family,1
599,Classics,1
599,Comedy,1
599,Drama,1
599,Family,1
599,Foreign,1
599,Games,1
